Notes,State,State Code,Year,Year Code,Gender,Gender Code,Deaths,Population,Crude Rate,% of Total Deaths
,Alabama,1,1999,1999,Female,F,96,2293259,4.2,0.00%
,Alabama,1,1999,1999,Male,M,459,2136882,21.5,0.10%
,Alabama,1,2000,2000,Female,F,112,2300596,4.9,0.00%
,Alabama,1,2000,2000,Male,M,471,2146504,21.9,0.10%
,Alabama,1,2001,2001,Female,F,97,2309496,4.2,0.00%
,Alabama,1,2001,2001,Male,M,415,2158138,19.2,0.10%
,Alabama,1,2002,2002,Female,F,99,2314370,4.3,0.00%
,Alabama,1,2002,2002,Male,M,415,2165719,19.2,0.10%
,Alabama,1,2003,2003,Female,F,96,2324069,4.1,0.00%
,Alabama,1,2003,2003,Male,M,425,2179422,19.5,0.10%
,Alabama,1,2004,2004,Female,F,97,2337857,4.1,0.00%
,Alabama,1,2004,2004,Male,M,444,2192872,20.2,0.10%
,Alabama,1,2005,2005,Female,F,96,2356423,4.1,0.00%
,Alabama,1,2005,2005,Male,M,439,2213382,19.8,0.10%
,Alabama,1,2006,2006,Female,F,96,2385480,4,0.00%
,Alabama,1,2006,2006,Male,M,484,2243501,21.6,0.10%
,Alabama,1,2007,2007,Female,F,122,2407275,5.1,0.00%
,Alabama,1,2007,2007,Male,M,470,2265565,20.7,0.10%
,Alabama,1,2008,2008,Female,F,121,2430257,5,0.00%
,Alabama,1,2008,2008,Male,M,483,2287949,21.1,0.10%
,Alabama,1,2009,2009,Female,F,130,2448159,5.3,0.00%
,Alabama,1,2009,2009,Male,M,543,2309779,23.5,0.10%
,Alabama,1,2010,2010,Female,F,141,2459548,5.7,0.00%
,Alabama,1,2010,2010,Male,M,538,2320188,23.2,0.10%
,Alabama,1,2011,2011,Female,F,124,2470995,5,0.00%
,Alabama,1,2011,2011,Male,M,530,2328923,22.8,0.10%
,Alabama,1,2012,2012,Female,F,138,2479614,5.6,0.00%
,Alabama,1,2012,2012,Male,M,586,2336346,25.1,0.10%
,Alabama,1,2013,2013,Female,F,153,2487129,6.2,0.00%
,Alabama,1,2013,2013,Male,M,568,2342350,24.2,0.10%
,Alabama,1,2014,2014,Female,F,146,2495181,5.9,0.00%
,Alabama,1,2014,2014,Male,M,569,2348033,24.2,0.10%
,Alabama,1,2015,2015,Female,F,160,2501401,6.4,0.00%
,Alabama,1,2015,2015,Male,M,590,2352474,25.1,0.10%
,Alabama,1,2016,2016,Female,F,164,2507714,6.5,0.00%
,Alabama,1,2016,2016,Male,M,624,2355586,26.5,0.10%
,Alaska,2,1999,1999,Female,F,22,301266,7.3,0.00%
,Alaska,2,1999,1999,Male,M,74,323513,22.9,0.00%
,Alaska,2,2000,2000,Female,F,25,302820,8.3,0.00%
,Alaska,2,2000,2000,Male,M,112,324112,34.6,0.00%
,Alaska,2,2001,2001,Female,F,20,305579,6.5,0.00%
,Alaska,2,2001,2001,Male,M,82,328135,25,0.00%
,Alaska,2,2002,2002,Female,F,35,309633,11.3,0.00%
,Alaska,2,2002,2002,Male,M,97,332704,29.2,0.00%
,Alaska,2,2003,2003,Female,F,25,313034,8,0.00%
,Alaska,2,2003,2003,Male,M,99,335380,29.5,0.00%
,Alaska,2,2004,2004,Female,F,37,317807,11.6,0.00%
,Alaska,2,2004,2004,Male,M,118,341479,34.6,0.00%
,Alaska,2,2005,2005,Female,F,27,320920,8.4,0.00%
,Alaska,2,2005,2005,Male,M,104,346026,30.1,0.00%
,Alaska,2,2006,2006,Female,F,31,325121,9.5,0.00%
,Alaska,2,2006,2006,Male,M,104,350181,29.7,0.00%
,Alaska,2,2007,2007,Female,F,26,327138,7.9,0.00%
,Alaska,2,2007,2007,Male,M,123,353162,34.8,0.00%
,Alaska,2,2008,2008,Female,F,34,329412,10.3,0.00%
,Alaska,2,2008,2008,Male,M,135,358043,37.7,0.00%
,Alaska,2,2009,2009,Female,F,32,337002,9.5,0.00%
,Alaska,2,2009,2009,Male,M,111,361893,30.7,0.00%
,Alaska,2,2010,2010,Female,F,34,340603,10,0.00%
,Alaska,2,2010,2010,Male,M,130,369628,35.2,0.00%
,Alaska,2,2011,2011,Female,F,29,346794,8.4,0.00%
,Alaska,2,2011,2011,Male,M,114,375919,30.3,0.00%
,Alaska,2,2012,2012,Female,F,28,350211,8,0.00%
,Alaska,2,2012,2012,Male,M,140,380878,36.8,0.00%
,Alaska,2,2013,2013,Female,F,34,351622,9.7,0.00%
,Alaska,2,2013,2013,Male,M,137,385257,35.6,0.00%
,Alaska,2,2014,2014,Female,F,29,351169,8.3,0.00%
,Alaska,2,2014,2014,Male,M,138,385536,35.8,0.00%
,Alaska,2,2015,2015,Female,F,47,351592,13.4,0.00%
,Alaska,2,2015,2015,Male,M,154,386117,39.9,0.00%
,Alaska,2,2016,2016,Female,F,46,353762,13,0.00%
,Alaska,2,2016,2016,Male,M,147,388132,37.9,0.00%
,Arizona,4,1999,1999,Female,F,163,2518299,6.5,0.00%
,Arizona,4,1999,1999,Male,M,603,2505524,24.1,0.10%
,Arizona,4,2000,2000,Female,F,156,2569575,6.1,0.00%
,Arizona,4,2000,2000,Male,M,628,2561057,24.5,0.10%
,Arizona,4,2001,2001,Female,F,145,2641676,5.5,0.00%
,Arizona,4,2001,2001,Male,M,622,2631801,23.6,0.10%
,Arizona,4,2002,2002,Female,F,171,2704217,6.3,0.00%
,Arizona,4,2002,2002,Male,M,715,2692038,26.6,0.10%
,Arizona,4,2003,2003,Female,F,172,2764077,6.2,0.00%
,Arizona,4,2003,2003,Male,M,668,2746287,24.3,0.10%
,Arizona,4,2004,2004,Female,F,186,2835606,6.6,0.00%
,Arizona,4,2004,2004,Male,M,694,2816798,24.6,0.10%
,Arizona,4,2005,2005,Female,F,200,2930811,6.8,0.00%
,Arizona,4,2005,2005,Male,M,745,2908266,25.6,0.10%
,Arizona,4,2006,2006,Female,F,213,3026134,7,0.00%
,Arizona,4,2006,2006,Male,M,766,3003007,25.5,0.10%
,Arizona,4,2007,2007,Female,F,218,3096998,7,0.00%
,Arizona,4,2007,2007,Male,M,798,3070683,26,0.10%
,Arizona,4,2008,2008,Female,F,232,3155278,7.4,0.00%
,Arizona,4,2008,2008,Male,M,740,3125084,23.7,0.10%
,Arizona,4,2009,2009,Female,F,266,3189908,8.3,0.00%
,Arizona,4,2009,2009,Male,M,794,3153246,25.2,0.10%
,Arizona,4,2010,2010,Female,F,225,3216194,7,0.00%
,Arizona,4,2010,2010,Male,M,868,3175823,27.3,0.10%
,Arizona,4,2011,2011,Female,F,266,3251455,8.2,0.00%
,Arizona,4,2011,2011,Male,M,894,3215708,27.8,0.10%
,Arizona,4,2012,2012,Female,F,265,3292904,8,0.00%
,Arizona,4,2012,2012,Male,M,891,3256730,27.4,0.10%
,Arizona,4,2013,2013,Female,F,268,3332399,8,0.00%
,Arizona,4,2013,2013,Male,M,895,3292218,27.2,0.10%
,Arizona,4,2014,2014,Female,F,299,3380147,8.8,0.00%
,Arizona,4,2014,2014,Male,M,945,3339846,28.3,0.10%
,Arizona,4,2015,2015,Female,F,309,3430082,9,0.00%
,Arizona,4,2015,2015,Male,M,967,3387483,28.5,0.10%
,Arizona,4,2016,2016,Female,F,286,3488176,8.2,0.00%
,Arizona,4,2016,2016,Male,M,985,3442895,28.6,0.20%
,Arkansas,5,1999,1999,Female,F,59,1359445,4.3,0.00%
,Arkansas,5,1999,1999,Male,M,277,1292415,21.4,0.00%
,Arkansas,5,2000,2000,Female,F,69,1368707,5,0.00%
,Arkansas,5,2000,2000,Male,M,280,1304693,21.5,0.00%
,Arkansas,5,2001,2001,Female,F,68,1376845,4.9,0.00%
,Arkansas,5,2001,2001,Male,M,314,1314726,23.9,0.00%
,Arkansas,5,2002,2002,Female,F,66,1383239,4.8,0.00%
,Arkansas,5,2002,2002,Male,M,311,1322688,23.5,0.00%
,Arkansas,5,2003,2003,Female,F,72,1391523,5.2,0.00%
,Arkansas,5,2003,2003,Male,M,302,1333293,22.7,0.00%
,Arkansas,5,2004,2004,Female,F,70,1403048,5,0.00%
,Arkansas,5,2004,2004,Male,M,291,1346638,21.6,0.00%
,Arkansas,5,2005,2005,Female,F,86,1418295,6.1,0.00%
,Arkansas,5,2005,2005,Male,M,314,1362802,23,0.00%
,Arkansas,5,2006,2006,Female,F,63,1438428,4.4,0.00%
,Arkansas,5,2006,2006,Male,M,313,1383333,22.6,0.00%
,Arkansas,5,2007,2007,Female,F,80,1451358,5.5,0.00%
,Arkansas,5,2007,2007,Male,M,322,1397292,23,0.00%
,Arkansas,5,2008,2008,Female,F,118,1464220,8.1,0.00%
,Arkansas,5,2008,2008,Male,M,329,1410334,23.3,0.10%
,Arkansas,5,2009,2009,Female,F,85,1475013,5.8,0.00%
,Arkansas,5,2009,2009,Male,M,337,1421830,23.7,0.10%
,Arkansas,5,2010,2010,Female,F,87,1484281,5.9,0.00%
,Arkansas,5,2010,2010,Male,M,360,1431637,25.1,0.10%
,Arkansas,5,2011,2011,Female,F,92,1495629,6.2,0.00%
,Arkansas,5,2011,2011,Male,M,370,1443864,25.6,0.10%
,Arkansas,5,2012,2012,Female,F,99,1501133,6.6,0.00%
,Arkansas,5,2012,2012,Male,M,386,1449552,26.6,0.10%
,Arkansas,5,2013,2013,Female,F,95,1505511,6.3,0.00%
,Arkansas,5,2013,2013,Male,M,421,1453152,29,0.10%
,Arkansas,5,2014,2014,Female,F,109,1509758,7.2,0.00%
,Arkansas,5,2014,2014,Male,M,406,1457154,27.9,0.10%
,Arkansas,5,2015,2015,Female,F,128,1515009,8.4,0.00%
,Arkansas,5,2015,2015,Male,M,449,1462844,30.7,0.10%
,Arkansas,5,2016,2016,Female,F,141,1520375,9.3,0.00%
,Arkansas,5,2016,2016,Male,M,414,1467873,28.2,0.10%
,California,6,1999,1999,Female,F,652,16800161,3.9,0.10%
,California,6,1999,1999,Male,M,2425,16699043,14.5,0.40%
,California,6,2000,2000,Female,F,618,16996756,3.6,0.10%
,California,6,2000,2000,Male,M,2351,16874892,13.9,0.40%
,California,6,2001,2001,Female,F,504,17294223,2.9,0.10%
,California,6,2001,2001,Male,M,2327,17185235,13.5,0.40%
,California,6,2002,2002,Female,F,711,17498462,4.1,0.10%
,California,6,2002,2002,Male,M,2517,17373381,14.5,0.40%
,California,6,2003,2003,Female,F,735,17709509,4.2,0.10%
,California,6,2003,2003,Male,M,2662,17543650,15.2,0.40%
,California,6,2004,2004,Female,F,822,17871415,4.6,0.10%
,California,6,2004,2004,Male,M,2546,17703161,14.4,0.40%
,California,6,2005,2005,Female,F,738,17996230,4.1,0.10%
,California,6,2005,2005,Male,M,2468,17831713,13.8,0.40%
,California,6,2006,2006,Female,F,756,18097471,4.2,0.10%
,California,6,2006,2006,Male,M,2578,17923731,14.4,0.40%
,California,6,2007,2007,Female,F,832,18214926,4.6,0.10%
,California,6,2007,2007,Male,M,2770,18035385,15.4,0.40%
,California,6,2008,2008,Female,F,880,18396972,4.8,0.10%
,California,6,2008,2008,Male,M,2895,18207365,15.9,0.40%
,California,6,2009,2009,Female,F,914,18583075,4.9,0.10%
,California,6,2009,2009,Male,M,2909,18378154,15.8,0.40%
,California,6,2010,2010,Female,F,884,18736126,4.7,0.10%
,California,6,2010,2010,Male,M,3029,18517830,16.4,0.50%
,California,6,2011,2011,Female,F,951,18957740,5,0.10%
,California,6,2011,2011,Male,M,3045,18719121,16.3,0.50%
,California,6,2012,2012,Female,F,846,19126306,4.4,0.10%
,California,6,2012,2012,Male,M,3047,18884768,16.1,0.50%
,California,6,2013,2013,Female,F,943,19295514,4.9,0.10%
,California,6,2013,2013,Male,M,3082,19039689,16.2,0.50%
,California,6,2014,2014,Female,F,980,19468191,5,0.20%
,California,6,2014,2014,Male,M,3234,19212619,16.8,0.50%
,California,6,2015,2015,Female,F,993,19625528,5.1,0.20%
,California,6,2015,2015,Male,M,3174,19368412,16.4,0.50%
,California,6,2016,2016,Female,F,997,19756656,5,0.20%
,California,6,2016,2016,Male,M,3297,19493361,16.9,0.50%
,Colorado,8,1999,1999,Female,F,121,2101358,5.8,0.00%
,Colorado,8,1999,1999,Male,M,453,2124660,21.3,0.10%
,Colorado,8,2000,2000,Female,F,118,2135278,5.5,0.00%
,Colorado,8,2000,2000,Male,M,495,2165983,22.9,0.10%
,Colorado,8,2001,2001,Female,F,151,2195705,6.9,0.00%
,Colorado,8,2001,2001,Male,M,571,2229982,25.6,0.10%
,Colorado,8,2002,2002,Female,F,143,2228665,6.4,0.00%
,Colorado,8,2002,2002,Male,M,584,2261741,25.8,0.10%
,Colorado,8,2003,2003,Female,F,157,2253214,7,0.00%
,Colorado,8,2003,2003,Male,M,571,2275518,25.1,0.10%
,Colorado,8,2004,2004,Female,F,186,2274511,8.2,0.00%
,Colorado,8,2004,2004,Male,M,611,2300502,26.6,0.10%
,Colorado,8,2005,2005,Female,F,166,2308238,7.2,0.00%
,Colorado,8,2005,2005,Male,M,634,2323650,27.3,0.10%
,Colorado,8,2006,2006,Female,F,173,2352960,7.4,0.00%
,Colorado,8,2006,2006,Male,M,557,2367463,23.5,0.10%
,Colorado,8,2007,2007,Female,F,179,2396433,7.5,0.00%
,Colorado,8,2007,2007,Male,M,632,2407435,26.3,0.10%
,Colorado,8,2008,2008,Female,F,184,2439060,7.5,0.00%
,Colorado,8,2008,2008,Male,M,619,2450670,25.3,0.10%
,Colorado,8,2009,2009,Female,F,212,2480710,8.5,0.00%
,Colorado,8,2009,2009,Male,M,729,2491485,29.3,0.10%
,Colorado,8,2010,2010,Female,F,201,2508534,8,0.00%
,Colorado,8,2010,2010,Male,M,664,2520662,26.3,0.10%
,Colorado,8,2011,2011,Female,F,209,2553383,8.2,0.00%
,Colorado,8,2011,2011,Male,M,704,2564977,27.4,0.10%
,Colorado,8,2012,2012,Female,F,241,2588054,9.3,0.00%
,Colorado,8,2012,2012,Male,M,811,2601813,31.2,0.10%
,Colorado,8,2013,2013,Female,F,257,2626139,9.8,0.00%
,Colorado,8,2013,2013,Male,M,750,2641464,28.4,0.10%
,Colorado,8,2014,2014,Female,F,240,2664922,9,0.00%
,Colorado,8,2014,2014,Male,M,843,2684726,31.4,0.10%
,Colorado,8,2015,2015,Female,F,248,2711233,9.1,0.00%
,Colorado,8,2015,2015,Male,M,845,2737586,30.9,0.10%
,Colorado,8,2016,2016,Female,F,261,2754727,9.5,0.00%
,Colorado,8,2016,2016,Male,M,907,2785818,32.6,0.10%
,Connecticut,9,1999,1999,Female,F,57,1747148,3.3,0.00%
,Connecticut,9,1999,1999,Male,M,217,1639253,13.2,0.00%
,Connecticut,9,2000,2000,Female,F,61,1756246,3.5,0.00%
,Connecticut,9,2000,2000,Male,M,243,1649319,14.7,0.00%
,Connecticut,9,2001,2001,Female,F,52,1768959,2.9,0.00%
,Connecticut,9,2001,2001,Male,M,231,1663876,13.9,0.00%
,Connecticut,9,2002,2002,Female,F,54,1780500,3,0.00%
,Connecticut,9,2002,2002,Male,M,206,1678249,12.3,0.00%
,Connecticut,9,2003,2003,Female,F,66,1793468,3.7,0.00%
,Connecticut,9,2003,2003,Male,M,206,1690868,12.2,0.00%
,Connecticut,9,2004,2004,Female,F,64,1798078,3.6,0.00%
,Connecticut,9,2004,2004,Male,M,230,1698016,13.5,0.00%
,Connecticut,9,2005,2005,Female,F,64,1802068,3.6,0.00%
,Connecticut,9,2005,2005,Male,M,231,1704888,13.5,0.00%
,Connecticut,9,2006,2006,Female,F,60,1807675,3.3,0.00%
,Connecticut,9,2006,2006,Male,M,232,1709785,13.6,0.00%
,Connecticut,9,2007,2007,Female,F,58,1811617,3.2,0.00%
,Connecticut,9,2007,2007,Male,M,213,1715653,12.4,0.00%
,Connecticut,9,2008,2008,Female,F,70,1820749,3.8,0.00%
,Connecticut,9,2008,2008,Male,M,245,1724830,14.2,0.00%
,Connecticut,9,2009,2009,Female,F,79,1828779,4.3,0.00%
,Connecticut,9,2009,2009,Male,M,237,1733028,13.7,0.00%
,Connecticut,9,2010,2010,Female,F,74,1834483,4,0.00%
,Connecticut,9,2010,2010,Male,M,279,1739614,16,0.00%
,Connecticut,9,2011,2011,Female,F,79,1841018,4.3,0.00%
,Connecticut,9,2011,2011,Male,M,291,1748875,16.6,0.00%
,Connecticut,9,2012,2012,Female,F,92,1842402,5,0.00%
,Connecticut,9,2012,2012,Male,M,276,1751393,15.8,0.00%
,Connecticut,9,2013,2013,Female,F,73,1842705,4,0.00%
,Connecticut,9,2013,2013,Male,M,257,1753298,14.7,0.00%
,Connecticut,9,2014,2014,Female,F,103,1839703,5.6,0.00%
,Connecticut,9,2014,2014,Male,M,276,1752170,15.8,0.00%
,Connecticut,9,2015,2015,Female,F,103,1835498,5.6,0.00%
,Connecticut,9,2015,2015,Male,M,281,1749232,16.1,0.00%
,Connecticut,9,2016,2016,Female,F,115,1830837,6.3,0.00%
,Connecticut,9,2016,2016,Male,M,282,1745615,16.2,0.00%
,Delaware,10,1999,1999,Female,F,13,398732,3.3,0.00%
,Delaware,10,1999,1999,Male,M,73,376258,19.4,0.00%
,Delaware,10,2000,2000,Female,F,20,403059,5,0.00%
,Delaware,10,2000,2000,Male,M,62,380541,16.3,0.00%
,Delaware,10,2001,2001,Female,F,23,409349,5.6,0.00%
,Delaware,10,2001,2001,Male,M,85,386350,22,0.00%
,Delaware,10,2002,2002,Male,M,66,391517,16.9,0.00%
,Delaware,10,2003,2003,Female,F,25,420802,5.9,0.00%
,Delaware,10,2003,2003,Male,M,69,397201,17.4,0.00%
,Delaware,10,2004,2004,Female,F,23,427320,5.4,0.00%
,Delaware,10,2004,2004,Male,M,70,403483,17.3,0.00%
,Delaware,10,2005,2005,Female,F,14,435227,3.2,0.00%
,Delaware,10,2005,2005,Male,M,69,409923,16.8,0.00%
,Delaware,10,2006,2006,Female,F,17,442766,3.8,0.00%
,Delaware,10,2006,2006,Male,M,74,416502,17.8,0.00%
,Delaware,10,2007,2007,Female,F,24,449398,5.3,0.00%
,Delaware,10,2007,2007,Male,M,71,422351,16.8,0.00%
,Delaware,10,2008,2008,Female,F,21,455481,4.6,0.00%
,Delaware,10,2008,2008,Male,M,88,428393,20.5,0.00%
,Delaware,10,2009,2009,Female,F,21,459795,4.6,0.00%
,Delaware,10,2009,2009,Male,M,86,431935,19.9,0.00%
,Delaware,10,2010,2010,Female,F,18,462995,3.9,0.00%
,Delaware,10,2010,2010,Male,M,88,434939,20.2,0.00%
,Delaware,10,2011,2011,Female,F,24,468363,5.1,0.00%
,Delaware,10,2011,2011,Male,M,81,439561,18.4,0.00%
,Delaware,10,2012,2012,Female,F,28,472858,5.9,0.00%
,Delaware,10,2012,2012,Male,M,97,444135,21.8,0.00%
,Delaware,10,2013,2013,Female,F,31,477451,6.5,0.00%
,Delaware,10,2013,2013,Male,M,91,447944,20.3,0.00%
,Delaware,10,2014,2014,Female,F,26,482334,5.4,0.00%
,Delaware,10,2014,2014,Male,M,100,452614,22.1,0.00%
,Delaware,10,2015,2015,Female,F,35,486960,7.2,0.00%
,Delaware,10,2015,2015,Male,M,87,457116,19,0.00%
,Delaware,10,2016,2016,Female,F,21,491395,4.3,0.00%
,Delaware,10,2016,2016,Male,M,98,460670,21.3,0.00%
,District of Columbia,11,1999,1999,Male,M,26,268416,9.7,0.00%
,District of Columbia,11,2000,2000,Male,M,18,269366,6.7,0.00%
,District of Columbia,11,2001,2001,Male,M,34,270764,12.6,0.00%
,District of Columbia,11,2002,2002,Male,M,23,270012,8.5,0.00%
,District of Columbia,11,2003,2003,Male,M,31,267895,11.6,0.00%
,District of Columbia,11,2004,2004,Male,M,27,267470,10.1,0.00%
,District of Columbia,11,2005,2005,Male,M,24,267523,9,0.00%
,District of Columbia,11,2006,2006,Male,M,24,269359,8.9,0.00%
,District of Columbia,11,2007,2007,Female,F,12,302949,4,0.00%
,District of Columbia,11,2007,2007,Male,M,24,271455,8.8,0.00%
,District of Columbia,11,2008,2008,Female,F,10,306265,3.3,0.00%
,District of Columbia,11,2008,2008,Male,M,33,273971,12,0.00%
,District of Columbia,11,2009,2009,Male,M,26,280400,9.3,0.00%
,District of Columbia,11,2010,2010,Male,M,33,284222,11.6,0.00%
,District of Columbia,11,2011,2011,Female,F,16,326728,4.9,0.00%
,District of Columbia,11,2011,2011,Male,M,21,293749,7.1,0.00%
,District of Columbia,11,2012,2012,Male,M,30,300894,10,0.00%
,District of Columbia,11,2013,2013,Male,M,30,308021,9.7,0.00%
,District of Columbia,11,2014,2014,Female,F,13,345936,3.8,0.00%
,District of Columbia,11,2014,2014,Male,M,39,313069,12.5,0.00%
,District of Columbia,11,2015,2015,Male,M,29,318036,9.1,0.00%
,District of Columbia,11,2016,2016,Male,M,33,323230,10.2,0.00%
,Florida,12,1999,1999,Female,F,448,8073847,5.5,0.10%
,Florida,12,1999,1999,Male,M,1581,7685574,20.6,0.20%
,Florida,12,2000,2000,Female,F,421,8184663,5.1,0.10%
,Florida,12,2000,2000,Male,M,1665,7797715,21.4,0.30%
,Florida,12,2001,2001,Female,F,512,8372776,6.1,0.10%
,Florida,12,2001,2001,Male,M,1802,7984190,22.6,0.30%
,Florida,12,2002,2002,Female,F,520,8541734,6.1,0.10%
,Florida,12,2002,2002,Male,M,1818,8147636,22.3,0.30%
,Florida,12,2003,2003,Female,F,497,8697573,5.7,0.10%
,Florida,12,2003,2003,Male,M,1800,8306512,21.7,0.30%
,Florida,12,2004,2004,Female,F,589,8902447,6.6,0.10%
,Florida,12,2004,2004,Male,M,1800,8512871,21.1,0.30%
,Florida,12,2005,2005,Female,F,578,9117950,6.3,0.10%
,Florida,12,2005,2005,Male,M,1769,8724088,20.3,0.30%
,Florida,12,2006,2006,Female,F,561,9280080,6,0.10%
,Florida,12,2006,2006,Male,M,1879,8886910,21.1,0.30%
,Florida,12,2007,2007,Female,F,586,9378587,6.2,0.10%
,Florida,12,2007,2007,Male,M,2001,8989255,22.3,0.30%
,Florida,12,2008,2008,Female,F,618,9465279,6.5,0.10%
,Florida,12,2008,2008,Male,M,2122,9062026,23.4,0.30%
,Florida,12,2009,2009,Female,F,619,9534289,6.5,0.10%
,Florida,12,2009,2009,Male,M,2239,9118355,24.6,0.30%
,Florida,12,2010,2010,Female,F,627,9611955,6.5,0.10%
,Florida,12,2010,2010,Male,M,2162,9189355,23.5,0.30%
,Florida,12,2011,2011,Female,F,628,9760894,6.4,0.10%
,Florida,12,2011,2011,Male,M,2252,9336058,24.1,0.30%
,Florida,12,2012,2012,Female,F,741,9889174,7.5,0.10%
,Florida,12,2012,2012,Male,M,2261,9454982,23.9,0.30%
,Florida,12,2013,2013,Female,F,691,10009629,6.9,0.10%
,Florida,12,2013,2013,Male,M,2237,9572393,23.4,0.30%
,Florida,12,2014,2014,Female,F,707,10167970,7,0.10%
,Florida,12,2014,2014,Male,M,2328,9720771,23.9,0.40%
,Florida,12,2015,2015,Female,F,760,10351307,7.3,0.10%
,Florida,12,2015,2015,Male,M,2445,9893607,24.7,0.40%
,Florida,12,2016,2016,Female,F,786,10542288,7.5,0.10%
,Florida,12,2016,2016,Male,M,2357,10070151,23.4,0.40%
,Georgia,13,1999,1999,Female,F,174,4096031,4.2,0.00%
,Georgia,13,1999,1999,Male,M,699,3949934,17.7,0.10%
,Georgia,13,2000,2000,Female,F,181,4159340,4.4,0.00%
,Georgia,13,2000,2000,Male,M,666,4027113,16.5,0.10%
,Georgia,13,2001,2001,Female,F,182,4256162,4.3,0.00%
,Georgia,13,2001,2001,Male,M,753,4120876,18.3,0.10%
,Georgia,13,2002,2002,Female,F,177,4327934,4.1,0.00%
,Georgia,13,2002,2002,Male,M,732,4180322,17.5,0.10%
,Georgia,13,2003,2003,Female,F,175,4394952,4,0.00%
,Georgia,13,2003,2003,Male,M,797,4227841,18.9,0.10%
,Georgia,13,2004,2004,Female,F,200,4463524,4.5,0.00%
,Georgia,13,2004,2004,Male,M,773,4305728,18,0.10%
,Georgia,13,2005,2005,Female,F,179,4555263,3.9,0.00%
,Georgia,13,2005,2005,Male,M,745,4370659,17,0.10%
,Georgia,13,2006,2006,Female,F,193,4670606,4.1,0.00%
,Georgia,13,2006,2006,Male,M,730,4485207,16.3,0.10%
,Georgia,13,2007,2007,Female,F,196,4777572,4.1,0.00%
,Georgia,13,2007,2007,Male,M,801,4572416,17.5,0.10%
,Georgia,13,2008,2008,Female,F,221,4856984,4.6,0.00%
,Georgia,13,2008,2008,Male,M,760,4647859,16.4,0.10%
,Georgia,13,2009,2009,Female,F,248,4917756,5,0.00%
,Georgia,13,2009,2009,Male,M,886,4703090,18.8,0.10%
,Georgia,13,2010,2010,Female,F,241,4958482,4.9,0.00%
,Georgia,13,2010,2010,Male,M,892,4729171,18.9,0.10%
,Georgia,13,2011,2011,Female,F,248,5019295,4.9,0.00%
,Georgia,13,2011,2011,Male,M,909,4792315,19,0.10%
,Georgia,13,2012,2012,Female,F,265,5071773,5.2,0.00%
,Georgia,13,2012,2012,Male,M,903,4842895,18.6,0.10%
,Georgia,13,2013,2013,Female,F,270,5112405,5.3,0.00%
,Georgia,13,2013,2013,Male,M,942,4872533,19.3,0.10%
,Georgia,13,2014,2014,Female,F,296,5168814,5.7,0.00%
,Georgia,13,2014,2014,Male,M,999,4918417,20.3,0.20%
,Georgia,13,2015,2015,Female,F,311,5229726,5.9,0.00%
,Georgia,13,2015,2015,Male,M,1006,4969672,20.2,0.20%
,Georgia,13,2016,2016,Female,F,311,5289906,5.9,0.00%
,Georgia,13,2016,2016,Male,M,1098,5020465,21.9,0.20%
,Hawaii,15,1999,1999,Female,F,29,601830,4.8,0.00%
,Hawaii,15,1999,1999,Male,M,107,608470,17.6,0.00%
,Hawaii,15,2000,2000,Female,F,26,602866,4.3,0.00%
,Hawaii,15,2000,2000,Male,M,111,608671,18.2,0.00%
,Hawaii,15,2001,2001,Female,F,33,609189,5.4,0.00%
,Hawaii,15,2001,2001,Male,M,103,616759,16.7,0.00%
,Hawaii,15,2002,2002,Female,F,26,616192,4.2,0.00%
,Hawaii,15,2002,2002,Male,M,94,623421,15.1,0.00%
,Hawaii,15,2003,2003,Female,F,33,623753,5.3,0.00%
,Hawaii,15,2003,2003,Male,M,98,627401,15.6,0.00%
,Hawaii,15,2004,2004,Female,F,26,636864,4.1,0.00%
,Hawaii,15,2004,2004,Male,M,90,636705,14.1,0.00%
,Hawaii,15,2005,2005,Female,F,33,644813,5.1,0.00%
,Hawaii,15,2005,2005,Male,M,74,647916,11.4,0.00%
,Hawaii,15,2006,2006,Female,F,32,652351,4.9,0.00%
,Hawaii,15,2006,2006,Male,M,88,657380,13.4,0.00%
,Hawaii,15,2007,2007,Female,F,32,657185,4.9,0.00%
,Hawaii,15,2007,2007,Male,M,101,658490,15.3,0.00%
,Hawaii,15,2008,2008,Female,F,40,665313,6,0.00%
,Hawaii,15,2008,2008,Male,M,93,666900,13.9,0.00%
,Hawaii,15,2009,2009,Female,F,37,673075,5.5,0.00%
,Hawaii,15,2009,2009,Male,M,138,673642,20.5,0.00%
,Hawaii,15,2010,2010,Female,F,48,679058,7.1,0.00%
,Hawaii,15,2010,2010,Male,M,159,681243,23.3,0.00%
,Hawaii,15,2011,2011,Female,F,38,687577,5.5,0.00%
,Hawaii,15,2011,2011,Male,M,143,690287,20.7,0.00%
,Hawaii,15,2012,2012,Female,F,39,693651,5.6,0.00%
,Hawaii,15,2012,2012,Male,M,151,698169,21.6,0.00%
,Hawaii,15,2013,2013,Female,F,40,700264,5.7,0.00%
,Hawaii,15,2013,2013,Male,M,131,706217,18.5,0.00%
,Hawaii,15,2014,2014,Female,F,41,704907,5.8,0.00%
,Hawaii,15,2014,2014,Male,M,163,711442,22.9,0.00%
,Hawaii,15,2015,2015,Female,F,43,709113,6.1,0.00%
,Hawaii,15,2015,2015,Male,M,158,716044,22.1,0.00%
,Hawaii,15,2016,2016,Female,F,29,710942,4.1,0.00%
,Hawaii,15,2016,2016,Male,M,145,717615,20.2,0.00%
,Idaho,16,1999,1999,Female,F,36,636798,5.7,0.00%
,Idaho,16,1999,1999,Male,M,145,638876,22.7,0.00%
,Idaho,16,2000,2000,Female,F,27,645293,4.2,0.00%
,Idaho,16,2000,2000,Male,M,140,648660,21.6,0.00%
,Idaho,16,2001,2001,Female,F,53,658043,8.1,0.00%
,Idaho,16,2001,2001,Male,M,157,661919,23.7,0.00%
,Idaho,16,2002,2002,Female,F,26,668686,3.9,0.00%
,Idaho,16,2002,2002,Male,M,176,671686,26.2,0.00%
,Idaho,16,2003,2003,Female,F,32,679877,4.7,0.00%
,Idaho,16,2003,2003,Male,M,185,683503,27.1,0.00%
,Idaho,16,2004,2004,Female,F,45,693186,6.5,0.00%
,Idaho,16,2004,2004,Male,M,191,698616,27.3,0.00%
,Idaho,16,2005,2005,Female,F,35,711983,4.9,0.00%
,Idaho,16,2005,2005,Male,M,193,716258,26.9,0.00%
,Idaho,16,2006,2006,Female,F,43,732104,5.9,0.00%
,Idaho,16,2006,2006,Male,M,179,736565,24.3,0.00%
,Idaho,16,2007,2007,Female,F,34,750127,4.5,0.00%
,Idaho,16,2007,2007,Male,M,189,754978,25,0.00%
,Idaho,16,2008,2008,Female,F,49,764792,6.4,0.00%
,Idaho,16,2008,2008,Male,M,203,769528,26.4,0.00%
,Idaho,16,2009,2009,Female,F,70,775398,9,0.00%
,Idaho,16,2009,2009,Male,M,234,779041,30,0.00%
,Idaho,16,2010,2010,Female,F,53,782258,6.8,0.00%
,Idaho,16,2010,2010,Male,M,237,785324,30.2,0.00%
,Idaho,16,2011,2011,Female,F,62,790665,7.8,0.00%
,Idaho,16,2011,2011,Male,M,219,793478,27.6,0.00%
,Idaho,16,2012,2012,Female,F,64,796679,8,0.00%
,Idaho,16,2012,2012,Male,M,233,799232,29.2,0.00%
,Idaho,16,2013,2013,Female,F,64,804442,8,0.00%
,Idaho,16,2013,2013,Male,M,244,807569,30.2,0.00%
,Idaho,16,2014,2014,Female,F,80,815040,9.8,0.00%
,Idaho,16,2014,2014,Male,M,240,818492,29.3,0.00%
,Idaho,16,2015,2015,Female,F,78,824551,9.5,0.00%
,Idaho,16,2015,2015,Male,M,281,828277,33.9,0.00%
,Idaho,16,2016,2016,Female,F,82,839608,9.8,0.00%
,Idaho,16,2016,2016,Male,M,269,843532,31.9,0.00%
,Illinois,17,1999,1999,Female,F,199,6313350,3.2,0.00%
,Illinois,17,1999,1999,Male,M,821,6045670,13.6,0.10%
,Illinois,17,2000,2000,Female,F,187,6338957,3,0.00%
,Illinois,17,2000,2000,Male,M,816,6080336,13.4,0.10%
,Illinois,17,2001,2001,Female,F,215,6370443,3.4,0.00%
,Illinois,17,2001,2001,Male,M,924,6118002,15.1,0.10%
,Illinois,17,2002,2002,Female,F,218,6387897,3.4,0.00%
,Illinois,17,2002,2002,Male,M,927,6137659,15.1,0.10%
,Illinois,17,2003,2003,Female,F,178,6402859,2.8,0.00%
,Illinois,17,2003,2003,Male,M,833,6153147,13.5,0.10%
,Illinois,17,2004,2004,Female,F,209,6414209,3.3,0.00%
,Illinois,17,2004,2004,Male,M,819,6175564,13.3,0.10%
,Illinois,17,2005,2005,Female,F,222,6423831,3.5,0.00%
,Illinois,17,2005,2005,Male,M,864,6186072,14,0.10%
,Illinois,17,2006,2006,Female,F,200,6440022,3.1,0.00%
,Illinois,17,2006,2006,Male,M,810,6203933,13.1,0.10%
,Illinois,17,2007,2007,Female,F,225,6467577,3.5,0.00%
,Illinois,17,2007,2007,Male,M,883,6228289,14.2,0.10%
,Illinois,17,2008,2008,Female,F,231,6493537,3.6,0.00%
,Illinois,17,2008,2008,Male,M,967,6253501,15.5,0.10%
,Illinois,17,2009,2009,Female,F,255,6520723,3.9,0.00%
,Illinois,17,2009,2009,Male,M,922,6276055,14.7,0.10%
,Illinois,17,2010,2010,Female,F,236,6538356,3.6,0.00%
,Illinois,17,2010,2010,Male,M,942,6292276,15,0.10%
,Illinois,17,2011,2011,Female,F,231,6550437,3.5,0.00%
,Illinois,17,2011,2011,Male,M,995,6309575,15.8,0.20%
,Illinois,17,2012,2012,Female,F,259,6554465,4,0.00%
,Illinois,17,2012,2012,Male,M,1033,6316333,16.4,0.20%
,Illinois,17,2013,2013,Female,F,298,6555899,4.5,0.00%
,Illinois,17,2013,2013,Male,M,1023,6323606,16.2,0.20%
,Illinois,17,2014,2014,Female,F,288,6548836,4.4,0.00%
,Illinois,17,2014,2014,Male,M,1110,6318708,17.6,0.20%
,Illinois,17,2015,2015,Female,F,290,6531645,4.4,0.00%
,Illinois,17,2015,2015,Male,M,1073,6307402,17,0.20%
,Illinois,17,2016,2016,Female,F,316,6509748,4.9,0.00%
,Illinois,17,2016,2016,Male,M,1099,6291791,17.5,0.20%
,Indiana,18,1999,1999,Female,F,106,3083351,3.4,0.00%
,Indiana,18,1999,1999,Male,M,522,2961618,17.6,0.10%
,Indiana,18,2000,2000,Female,F,119,3098011,3.8,0.00%
,Indiana,18,2000,2000,Male,M,564,2982474,18.9,0.10%
,Indiana,18,2001,2001,Female,F,145,3120158,4.6,0.00%
,Indiana,18,2001,2001,Male,M,570,3007602,19,0.10%
,Indiana,18,2002,2002,Female,F,135,3133342,4.3,0.00%
,Indiana,18,2002,2002,Male,M,608,3022625,20.1,0.10%
,Indiana,18,2003,2003,Female,F,133,3152366,4.2,0.00%
,Indiana,18,2003,2003,Male,M,603,3044272,19.8,0.10%
,Indiana,18,2004,2004,Female,F,141,3168952,4.4,0.00%
,Indiana,18,2004,2004,Male,M,563,3064055,18.4,0.10%
,Indiana,18,2005,2005,Female,F,122,3191481,3.8,0.00%
,Indiana,18,2005,2005,Male,M,623,3087135,20.2,0.10%
,Indiana,18,2006,2006,Female,F,150,3218203,4.7,0.00%
,Indiana,18,2006,2006,Male,M,674,3114466,21.6,0.10%
,Indiana,18,2007,2007,Female,F,166,3241454,5.1,0.00%
,Indiana,18,2007,2007,Male,M,624,3138145,19.9,0.10%
,Indiana,18,2008,2008,Female,F,159,3263963,4.9,0.00%
,Indiana,18,2008,2008,Male,M,650,3160843,20.6,0.10%
,Indiana,18,2009,2009,Female,F,146,3281477,4.4,0.00%
,Indiana,18,2009,2009,Male,M,682,3177848,21.5,0.10%
,Indiana,18,2010,2010,Female,F,192,3294065,5.8,0.00%
,Indiana,18,2010,2010,Male,M,672,3189737,21.1,0.10%
,Indiana,18,2011,2011,Female,F,197,3309219,6,0.00%
,Indiana,18,2011,2011,Male,M,684,3207261,21.3,0.10%
,Indiana,18,2012,2012,Female,F,190,3318371,5.7,0.00%
,Indiana,18,2012,2012,Male,M,750,3219372,23.3,0.10%
,Indiana,18,2013,2013,Female,F,189,3333280,5.7,0.00%
,Indiana,18,2013,2013,Male,M,755,3235822,23.3,0.10%
,Indiana,18,2014,2014,Female,F,192,3345808,5.7,0.00%
,Indiana,18,2014,2014,Male,M,756,3249425,23.3,0.10%
,Indiana,18,2015,2015,Female,F,188,3353958,5.6,0.00%
,Indiana,18,2015,2015,Male,M,772,3258810,23.7,0.10%
,Indiana,18,2016,2016,Female,F,194,3363491,5.8,0.00%
,Indiana,18,2016,2016,Male,M,840,3269562,25.7,0.10%
,Iowa,19,1999,1999,Female,F,50,1488223,3.4,0.00%
,Iowa,19,1999,1999,Male,M,255,1429411,17.8,0.00%
,Iowa,19,2000,2000,Female,F,44,1490809,3,0.00%
,Iowa,19,2000,2000,Male,M,245,1435515,17.1,0.00%
,Iowa,19,2001,2001,Female,F,46,1492287,3.1,0.00%
,Iowa,19,2001,2001,Male,M,258,1439710,17.9,0.00%
,Iowa,19,2002,2002,Female,F,64,1491450,4.3,0.00%
,Iowa,19,2002,2002,Male,M,250,1442784,17.3,0.00%
,Iowa,19,2003,2003,Female,F,60,1493907,4,0.00%
,Iowa,19,2003,2003,Male,M,292,1448092,20.2,0.00%
,Iowa,19,2004,2004,Female,F,56,1498888,3.7,0.00%
,Iowa,19,2004,2004,Male,M,287,1454747,19.7,0.00%
,Iowa,19,2005,2005,Female,F,78,1503019,5.2,0.00%
,Iowa,19,2005,2005,Male,M,255,1461435,17.4,0.00%
,Iowa,19,2006,2006,Female,F,62,1511124,4.1,0.00%
,Iowa,19,2006,2006,Male,M,272,1471520,18.5,0.00%
,Iowa,19,2007,2007,Female,F,62,1518023,4.1,0.00%
,Iowa,19,2007,2007,Male,M,260,1481189,17.6,0.00%
,Iowa,19,2008,2008,Female,F,72,1525539,4.7,0.00%
,Iowa,19,2008,2008,Male,M,308,1491195,20.7,0.00%
,Iowa,19,2009,2009,Female,F,68,1532739,4.4,0.00%
,Iowa,19,2009,2009,Male,M,293,1500131,19.5,0.00%
,Iowa,19,2010,2010,Female,F,68,1538036,4.4,0.00%
,Iowa,19,2010,2010,Male,M,304,1508319,20.2,0.00%
,Iowa,19,2011,2011,Female,F,81,1545407,5.2,0.00%
,Iowa,19,2011,2011,Male,M,341,1519816,22.4,0.10%
,Iowa,19,2012,2012,Female,F,75,1550033,4.8,0.00%
,Iowa,19,2012,2012,Male,M,308,1526277,20.2,0.00%
,Iowa,19,2013,2013,Female,F,83,1556966,5.3,0.00%
,Iowa,19,2013,2013,Male,M,364,1534964,23.7,0.10%
,Iowa,19,2014,2014,Female,F,80,1564085,5.1,0.00%
,Iowa,19,2014,2014,Male,M,327,1543945,21.2,0.10%
,Iowa,19,2015,2015,Female,F,100,1570024,6.4,0.00%
,Iowa,19,2015,2015,Male,M,333,1551973,21.5,0.10%
,Iowa,19,2016,2016,Female,F,78,1575574,5,0.00%
,Iowa,19,2016,2016,Male,M,373,1559119,23.9,0.10%
,Kansas,20,1999,1999,Female,F,48,1356044,3.5,0.00%
,Kansas,20,1999,1999,Male,M,251,1322294,19,0.00%
,Kansas,20,2000,2000,Female,F,54,1359944,4,0.00%
,Kansas,20,2000,2000,Male,M,271,1328474,20.4,0.00%
,Kansas,20,2001,2001,Female,F,55,1365966,4,0.00%
,Kansas,20,2001,2001,Male,M,238,1336196,17.8,0.00%
,Kansas,20,2002,2002,Female,F,59,1371898,4.3,0.00%
,Kansas,20,2002,2002,Male,M,286,1341637,21.3,0.00%
,Kansas,20,2003,2003,Female,F,76,1377415,5.5,0.00%
,Kansas,20,2003,2003,Male,M,271,1345589,20.1,0.00%
,Kansas,20,2004,2004,Female,F,79,1382396,5.7,0.00%
,Kansas,20,2004,2004,Male,M,291,1351977,21.5,0.00%
,Kansas,20,2005,2005,Female,F,62,1387958,4.5,0.00%
,Kansas,20,2005,2005,Male,M,300,1357341,22.1,0.00%
,Kansas,20,2006,2006,Female,F,70,1394092,5,0.00%
,Kansas,20,2006,2006,Male,M,309,1368839,22.6,0.00%
,Kansas,20,2007,2007,Female,F,71,1405705,5.1,0.00%
,Kansas,20,2007,2007,Male,M,311,1378080,22.6,0.00%
,Kansas,20,2008,2008,Female,F,51,1415563,3.6,0.00%
,Kansas,20,2008,2008,Male,M,286,1392513,20.5,0.00%
,Kansas,20,2009,2009,Female,F,69,1428139,4.8,0.00%
,Kansas,20,2009,2009,Male,M,313,1404565,22.3,0.00%
,Kansas,20,2010,2010,Female,F,81,1437710,5.6,0.00%
,Kansas,20,2010,2010,Male,M,320,1415408,22.6,0.00%
,Kansas,20,2011,2011,Female,F,80,1445181,5.5,0.00%
,Kansas,20,2011,2011,Male,M,314,1424322,22,0.00%
,Kansas,20,2012,2012,Female,F,91,1451788,6.3,0.00%
,Kansas,20,2012,2012,Male,M,411,1433474,28.7,0.10%
,Kansas,20,2013,2013,Female,F,80,1454240,5.5,0.00%
,Kansas,20,2013,2013,Male,M,345,1438581,24,0.10%
,Kansas,20,2014,2014,Female,F,99,1456338,6.8,0.00%
,Kansas,20,2014,2014,Male,M,356,1443022,24.7,0.10%
,Kansas,20,2015,2015,Female,F,103,1459205,7.1,0.00%
,Kansas,20,2015,2015,Male,M,374,1447516,25.8,0.10%
,Kansas,20,2016,2016,Female,F,112,1459530,7.7,0.00%
,Kansas,20,2016,2016,Male,M,402,1447759,27.8,0.10%
,Kentucky,21,1999,1999,Female,F,83,2056401,4,0.00%
,Kentucky,21,1999,1999,Male,M,387,1961652,19.7,0.10%
,Kentucky,21,2000,2000,Female,F,85,2066401,4.1,0.00%
,Kentucky,21,2000,2000,Male,M,436,1975368,22.1,0.10%
,Kentucky,21,2001,2001,Female,F,91,2076871,4.4,0.00%
,Kentucky,21,2001,2001,Male,M,404,1991261,20.3,0.10%
,Kentucky,21,2002,2002,Female,F,95,2087223,4.6,0.00%
,Kentucky,21,2002,2002,Male,M,445,2002652,22.2,0.10%
,Kentucky,21,2003,2003,Female,F,96,2102308,4.6,0.00%
,Kentucky,21,2003,2003,Male,M,471,2014862,23.4,0.10%
,Kentucky,21,2004,2004,Female,F,96,2112051,4.5,0.00%
,Kentucky,21,2004,2004,Male,M,464,2034050,22.8,0.10%
,Kentucky,21,2005,2005,Female,F,112,2129658,5.3,0.00%
,Kentucky,21,2005,2005,Male,M,454,2053084,22.1,0.10%
,Kentucky,21,2006,2006,Female,F,107,2149096,5,0.00%
,Kentucky,21,2006,2006,Male,M,515,2070143,24.9,0.10%
,Kentucky,21,2007,2007,Female,F,123,2164210,5.7,0.00%
,Kentucky,21,2007,2007,Male,M,526,2092462,25.1,0.10%
,Kentucky,21,2008,2008,Female,F,118,2183532,5.4,0.00%
,Kentucky,21,2008,2008,Male,M,494,2106346,23.5,0.10%
,Kentucky,21,2009,2009,Female,F,123,2193136,5.6,0.00%
,Kentucky,21,2009,2009,Male,M,469,2123938,22.1,0.10%
,Kentucky,21,2010,2010,Female,F,111,2204415,5,0.00%
,Kentucky,21,2010,2010,Male,M,520,2134952,24.4,0.10%
,Kentucky,21,2011,2011,Female,F,119,2219630,5.4,0.00%
,Kentucky,21,2011,2011,Male,M,556,2149724,25.9,0.10%
,Kentucky,21,2012,2012,Female,F,148,2226118,6.6,0.00%
,Kentucky,21,2012,2012,Male,M,576,2158681,26.7,0.10%
,Kentucky,21,2013,2013,Female,F,149,2232880,6.7,0.00%
,Kentucky,21,2013,2013,Male,M,552,2167597,25.5,0.10%
,Kentucky,21,2014,2014,Female,F,145,2239180,6.5,0.00%
,Kentucky,21,2014,2014,Male,M,583,2173877,26.8,0.10%
,Kentucky,21,2015,2015,Female,F,149,2244369,6.6,0.00%
,Kentucky,21,2015,2015,Male,M,627,2180242,28.8,0.10%
,Kentucky,21,2016,2016,Female,F,164,2250421,7.3,0.00%
,Kentucky,21,2016,2016,Male,M,592,2186553,27.1,0.10%
,Louisiana,22,1999,1999,Female,F,100,2302744,4.3,0.00%
,Louisiana,22,1999,1999,Male,M,418,2158067,19.4,0.10%
,Louisiana,22,2000,2000,Female,F,83,2306073,3.6,0.00%
,Louisiana,22,2000,2000,Male,M,385,2162903,17.8,0.10%
,Louisiana,22,2001,2001,Female,F,98,2308063,4.2,0.00%
,Louisiana,22,2001,2001,Male,M,395,2169812,18.2,0.10%
,Louisiana,22,2002,2002,Female,F,81,2315524,3.5,0.00%
,Louisiana,22,2002,2002,Male,M,418,2181743,19.2,0.10%
,Louisiana,22,2003,2003,Female,F,99,2327153,4.3,0.00%
,Louisiana,22,2003,2003,Male,M,362,2193889,16.5,0.10%
,Louisiana,22,2004,2004,Female,F,100,2338753,4.3,0.00%
,Louisiana,22,2004,2004,Male,M,437,2213485,19.7,0.10%
,Louisiana,22,2005,2005,Female,F,106,2349441,4.5,0.00%
,Louisiana,22,2005,2005,Male,M,399,2227187,17.9,0.10%
,Louisiana,22,2006,2006,Female,F,100,2204072,4.5,0.00%
,Louisiana,22,2006,2006,Male,M,392,2098593,18.7,0.10%
,Louisiana,22,2007,2007,Female,F,96,2239125,4.3,0.00%
,Louisiana,22,2007,2007,Male,M,426,2136456,19.9,0.10%
,Louisiana,22,2008,2008,Female,F,102,2269630,4.5,0.00%
,Louisiana,22,2008,2008,Male,M,430,2165956,19.9,0.10%
,Louisiana,22,2009,2009,Female,F,94,2295199,4.1,0.00%
,Louisiana,22,2009,2009,Male,M,396,2196449,18,0.10%
,Louisiana,22,2010,2010,Female,F,97,2314080,4.2,0.00%
,Louisiana,22,2010,2010,Male,M,460,2219292,20.7,0.10%
,Louisiana,22,2011,2011,Female,F,121,2336046,5.2,0.00%
,Louisiana,22,2011,2011,Male,M,452,2239358,20.2,0.10%
,Louisiana,22,2012,2012,Female,F,133,2350568,5.7,0.00%
,Louisiana,22,2012,2012,Male,M,434,2252861,19.3,0.10%
,Louisiana,22,2013,2013,Female,F,118,2362330,5,0.00%
,Louisiana,22,2013,2013,Male,M,465,2264072,20.5,0.10%
,Louisiana,22,2014,2014,Female,F,173,2373469,7.3,0.00%
,Louisiana,22,2014,2014,Male,M,506,2274411,22.2,0.10%
,Louisiana,22,2015,2015,Female,F,137,2384278,5.7,0.00%
,Louisiana,22,2015,2015,Male,M,585,2284682,25.6,0.10%
,Louisiana,22,2016,2016,Female,F,163,2392296,6.8,0.00%
,Louisiana,22,2016,2016,Male,M,514,2289370,22.5,0.10%
,Maine,23,1999,1999,Female,F,38,650598,5.8,0.00%
,Maine,23,1999,1999,Male,M,137,616210,22.2,0.00%
,Maine,23,2000,2000,Female,F,20,654614,3.1,0.00%
,Maine,23,2000,2000,Male,M,134,620309,21.6,0.00%
,Maine,23,2001,2001,Female,F,33,659657,5,0.00%
,Maine,23,2001,2001,Male,M,128,626035,20.4,0.00%
,Maine,23,2002,2002,Female,F,33,664226,5,0.00%
,Maine,23,2002,2002,Male,M,133,631734,21.1,0.00%
,Maine,23,2003,2003,Female,F,29,668680,4.3,0.00%
,Maine,23,2003,2003,Male,M,108,637833,16.9,0.00%
,Maine,23,2004,2004,Female,F,34,671862,5.1,0.00%
,Maine,23,2004,2004,Male,M,137,641826,21.3,0.00%
,Maine,23,2005,2005,Female,F,30,674104,4.5,0.00%
,Maine,23,2005,2005,Male,M,145,644683,22.5,0.00%
,Maine,23,2006,2006,Female,F,32,676157,4.7,0.00%
,Maine,23,2006,2006,Male,M,126,647462,19.5,0.00%
,Maine,23,2007,2007,Female,F,35,677797,5.2,0.00%
,Maine,23,2007,2007,Male,M,156,649243,24,0.00%
,Maine,23,2008,2008,Female,F,35,679413,5.2,0.00%
,Maine,23,2008,2008,Male,M,146,651096,22.4,0.00%
,Maine,23,2009,2009,Female,F,42,678694,6.2,0.00%
,Maine,23,2009,2009,Male,M,155,650896,23.8,0.00%
,Maine,23,2010,2010,Female,F,35,678305,5.2,0.00%
,Maine,23,2010,2010,Male,M,151,650056,23.2,0.00%
,Maine,23,2011,2011,Female,F,50,677768,7.4,0.00%
,Maine,23,2011,2011,Male,M,185,650463,28.4,0.00%
,Maine,23,2012,2012,Female,F,40,678037,5.9,0.00%
,Maine,23,2012,2012,Male,M,169,650858,26,0.00%
,Maine,23,2013,2013,Female,F,52,677664,7.7,0.00%
,Maine,23,2013,2013,Male,M,193,651412,29.6,0.00%
,Maine,23,2014,2014,Female,F,46,678527,6.8,0.00%
,Maine,23,2014,2014,Male,M,174,652192,26.7,0.00%
,Maine,23,2015,2015,Female,F,49,678029,7.2,0.00%
,Maine,23,2015,2015,Male,M,186,651424,28.6,0.00%
,Maine,23,2016,2016,Female,F,54,678894,8,0.00%
,Maine,23,2016,2016,Male,M,172,652585,26.4,0.00%
,Maryland,24,1999,1999,Female,F,73,2716928,2.7,0.00%
,Maryland,24,1999,1999,Male,M,362,2537581,14.3,0.10%
,Maryland,24,2000,2000,Female,F,89,2738692,3.2,0.00%
,Maryland,24,2000,2000,Male,M,385,2557794,15.1,0.10%
,Maryland,24,2001,2001,Female,F,89,2779864,3.2,0.00%
,Maryland,24,2001,2001,Male,M,365,2594827,14.1,0.10%
,Maryland,24,2002,2002,Female,F,94,2815197,3.3,0.00%
,Maryland,24,2002,2002,Male,M,383,2625192,14.6,0.10%
,Maryland,24,2003,2003,Female,F,101,2843847,3.6,0.00%
,Maryland,24,2003,2003,Male,M,390,2652422,14.7,0.10%
,Maryland,24,2004,2004,Female,F,97,2870043,3.4,0.00%
,Maryland,24,2004,2004,Male,M,403,2676892,15.1,0.10%
,Maryland,24,2005,2005,Female,F,92,2891761,3.2,0.00%
,Maryland,24,2005,2005,Male,M,380,2700618,14.1,0.10%
,Maryland,24,2006,2006,Female,F,97,2907963,3.3,0.00%
,Maryland,24,2006,2006,Male,M,398,2719404,14.6,0.10%
,Maryland,24,2007,2007,Female,F,113,2920109,3.9,0.00%
,Maryland,24,2007,2007,Male,M,405,2733299,14.8,0.10%
,Maryland,24,2008,2008,Female,F,92,2935788,3.1,0.00%
,Maryland,24,2008,2008,Male,M,415,2749177,15.1,0.10%
,Maryland,24,2009,2009,Female,F,107,2960001,3.6,0.00%
,Maryland,24,2009,2009,Male,M,444,2770387,16,0.10%
,Maryland,24,2010,2010,Female,F,95,2981790,3.2,0.00%
,Maryland,24,2010,2010,Male,M,407,2791762,14.6,0.10%
,Maryland,24,2011,2011,Female,F,101,3015076,3.3,0.00%
,Maryland,24,2011,2011,Male,M,457,2828527,16.2,0.10%
,Maryland,24,2012,2012,Female,F,119,3036796,3.9,0.00%
,Maryland,24,2012,2012,Male,M,464,2852855,16.3,0.10%
,Maryland,24,2013,2013,Female,F,124,3057874,4.1,0.00%
,Maryland,24,2013,2013,Male,M,445,2873255,15.5,0.10%
,Maryland,24,2014,2014,Female,F,136,3077024,4.4,0.00%
,Maryland,24,2014,2014,Male,M,470,2890271,16.3,0.10%
,Maryland,24,2015,2015,Female,F,116,3091633,3.8,0.00%
,Maryland,24,2015,2015,Male,M,437,2903350,15.1,0.10%
,Maryland,24,2016,2016,Female,F,115,3101981,3.7,0.00%
,Maryland,24,2016,2016,Male,M,471,2914466,16.2,0.10%
,Massachusetts,25,1999,1999,Female,F,102,3274830,3.1,0.00%
,Massachusetts,25,1999,1999,Male,M,329,3042515,10.8,0.10%
,Massachusetts,25,2000,2000,Female,F,99,3290281,3,0.00%
,Massachusetts,25,2000,2000,Male,M,288,3058816,9.4,0.00%
,Massachusetts,25,2001,2001,Female,F,88,3312567,2.7,0.00%
,Massachusetts,25,2001,2001,Male,M,338,3085067,11,0.10%
,Massachusetts,25,2002,2002,Female,F,78,3319436,2.3,0.00%
,Massachusetts,25,2002,2002,Male,M,358,3097770,11.6,0.10%
,Massachusetts,25,2003,2003,Female,F,103,3320817,3.1,0.00%
,Massachusetts,25,2003,2003,Male,M,330,3101748,10.6,0.10%
,Massachusetts,25,2004,2004,Female,F,82,3314634,2.5,0.00%
,Massachusetts,25,2004,2004,Male,M,343,3097647,11.1,0.10%
,Massachusetts,25,2005,2005,Female,F,120,3309010,3.6,0.00%
,Massachusetts,25,2005,2005,Male,M,360,3094280,11.6,0.10%
,Massachusetts,25,2006,2006,Female,F,129,3311185,3.9,0.00%
,Massachusetts,25,2006,2006,Male,M,321,3098899,10.4,0.00%
,Massachusetts,25,2007,2007,Female,F,111,3321653,3.3,0.00%
,Massachusetts,25,2007,2007,Male,M,405,3109906,13,0.10%
,Massachusetts,25,2008,2008,Female,F,115,3340730,3.4,0.00%
,Massachusetts,25,2008,2008,Male,M,394,3128237,12.6,0.10%
,Massachusetts,25,2009,2009,Female,F,106,3365859,3.1,0.00%
,Massachusetts,25,2009,2009,Male,M,424,3151754,13.5,0.10%
,Massachusetts,25,2010,2010,Female,F,127,3381001,3.8,0.00%
,Massachusetts,25,2010,2010,Male,M,471,3166628,14.9,0.10%
,Massachusetts,25,2011,2011,Female,F,144,3411221,4.2,0.00%
,Massachusetts,25,2011,2011,Male,M,441,3200702,13.8,0.10%
,Massachusetts,25,2012,2012,Female,F,146,3431949,4.3,0.00%
,Massachusetts,25,2012,2012,Male,M,458,3226059,14.2,0.10%
,Massachusetts,25,2013,2013,Female,F,152,3456311,4.4,0.00%
,Massachusetts,25,2013,2013,Male,M,420,3250475,12.9,0.10%
,Massachusetts,25,2014,2014,Female,F,124,3476879,3.6,0.00%
,Massachusetts,25,2014,2014,Male,M,472,3273032,14.4,0.10%
,Massachusetts,25,2015,2015,Female,F,167,3493764,4.8,0.00%
,Massachusetts,25,2015,2015,Male,M,475,3290476,14.4,0.10%
,Massachusetts,25,2016,2016,Female,F,146,3506128,4.2,0.00%
,Massachusetts,25,2016,2016,Male,M,485,3305651,14.7,0.10%
,Michigan,26,1999,1999,Female,F,183,5047770,3.6,0.00%
,Michigan,26,1999,1999,Male,M,791,4849346,16.3,0.10%
,Michigan,26,2000,2000,Female,F,187,5065349,3.7,0.00%
,Michigan,26,2000,2000,Male,M,787,4873095,16.1,0.10%
,Michigan,26,2001,2001,Female,F,203,5089289,4,0.00%
,Michigan,26,2001,2001,Male,M,848,4901831,17.3,0.10%
,Michigan,26,2002,2002,Female,F,208,5100171,4.1,0.00%
,Michigan,26,2002,2002,Male,M,898,4915539,18.3,0.10%
,Michigan,26,2003,2003,Female,F,204,5110521,4,0.00%
,Michigan,26,2003,2003,Male,M,825,4930631,16.7,0.10%
,Michigan,26,2004,2004,Female,F,223,5117929,4.4,0.00%
,Michigan,26,2004,2004,Male,M,875,4937386,17.7,0.10%
,Michigan,26,2005,2005,Female,F,233,5114320,4.6,0.00%
,Michigan,26,2005,2005,Male,M,875,4936817,17.7,0.10%
,Michigan,26,2006,2006,Female,F,209,5106621,4.1,0.00%
,Michigan,26,2006,2006,Male,M,930,4929460,18.9,0.10%
,Michigan,26,2007,2007,Female,F,226,5091035,4.4,0.00%
,Michigan,26,2007,2007,Male,M,905,4910249,18.4,0.10%
,Michigan,26,2008,2008,Female,F,221,5065899,4.4,0.00%
,Michigan,26,2008,2008,Male,M,959,4880990,19.6,0.10%
,Michigan,26,2009,2009,Female,F,241,5044338,4.8,0.00%
,Michigan,26,2009,2009,Male,M,928,4857253,19.1,0.10%
,Michigan,26,2010,2010,Female,F,278,5035526,5.5,0.00%
,Michigan,26,2010,2010,Male,M,985,4848114,20.3,0.20%
,Michigan,26,2011,2011,Female,F,235,5030665,4.7,0.00%
,Michigan,26,2011,2011,Male,M,986,4845548,20.3,0.20%
,Michigan,26,2012,2012,Female,F,253,5033075,5,0.00%
,Michigan,26,2012,2012,Male,M,1008,4854163,20.8,0.20%
,Michigan,26,2013,2013,Female,F,280,5036784,5.6,0.00%
,Michigan,26,2013,2013,Male,M,1015,4862198,20.9,0.20%
,Michigan,26,2014,2014,Female,F,292,5042843,5.8,0.00%
,Michigan,26,2014,2014,Male,M,1062,4872924,21.8,0.20%
,Michigan,26,2015,2015,Female,F,302,5040958,6,0.00%
,Michigan,26,2015,2015,Male,M,1108,4876757,22.7,0.20%
,Michigan,26,2016,2016,Female,F,301,5043554,6,0.00%
,Michigan,26,2016,2016,Male,M,1063,4884746,21.8,0.20%
,Minnesota,27,1999,1999,Female,F,72,2462931,2.9,0.00%
,Minnesota,27,1999,1999,Male,M,365,2410550,15.1,0.10%
,Minnesota,27,2000,2000,Female,F,72,2483848,2.9,0.00%
,Minnesota,27,2000,2000,Male,M,368,2435631,15.1,0.10%
,Minnesota,27,2001,2001,Female,F,86,2514149,3.4,0.00%
,Minnesota,27,2001,2001,Male,M,394,2468647,16,0.10%
,Minnesota,27,2002,2002,Female,F,89,2531205,3.5,0.00%
,Minnesota,27,2002,2002,Male,M,408,2487730,16.4,0.10%
,Minnesota,27,2003,2003,Female,F,92,2546999,3.6,0.00%
,Minnesota,27,2003,2003,Male,M,405,2506573,16.2,0.10%
,Minnesota,27,2004,2004,Female,F,97,2564037,3.8,0.00%
,Minnesota,27,2004,2004,Male,M,427,2523676,16.9,0.10%
,Minnesota,27,2005,2005,Female,F,104,2579546,4,0.00%
,Minnesota,27,2005,2005,Male,M,443,2540052,17.4,0.10%
,Minnesota,27,2006,2006,Female,F,110,2600951,4.2,0.00%
,Minnesota,27,2006,2006,Male,M,444,2562604,17.3,0.10%
,Minnesota,27,2007,2007,Female,F,108,2622551,4.1,0.00%
,Minnesota,27,2007,2007,Male,M,464,2584652,18,0.10%
,Minnesota,27,2008,2008,Female,F,105,2642672,4,0.00%
,Minnesota,27,2008,2008,Male,M,491,2604346,18.9,0.10%
,Minnesota,27,2009,2009,Female,F,116,2659958,4.4,0.00%
,Minnesota,27,2009,2009,Male,M,468,2621245,17.9,0.10%
,Minnesota,27,2010,2010,Female,F,140,2671793,5.2,0.00%
,Minnesota,27,2010,2010,Male,M,466,2632132,17.7,0.10%
,Minnesota,27,2011,2011,Female,F,138,2692882,5.1,0.00%
,Minnesota,27,2011,2011,Male,M,545,2655680,20.5,0.10%
,Minnesota,27,2012,2012,Female,F,125,2707336,4.6,0.00%
,Minnesota,27,2012,2012,Male,M,531,2672949,19.9,0.10%
,Minnesota,27,2013,2013,Female,F,145,2725742,5.3,0.00%
,Minnesota,27,2013,2013,Male,M,533,2692779,19.8,0.10%
,Minnesota,27,2014,2014,Female,F,161,2741831,5.9,0.00%
,Minnesota,27,2014,2014,Male,M,525,2711278,19.4,0.10%
,Minnesota,27,2015,2015,Female,F,165,2754885,6,0.00%
,Minnesota,27,2015,2015,Male,M,565,2727550,20.7,0.10%
,Minnesota,27,2016,2016,Female,F,164,2772322,5.9,0.00%
,Minnesota,27,2016,2016,Male,M,581,2747630,21.1,0.10%
,Mississippi,28,1999,1999,Female,F,53,1464581,3.6,0.00%
,Mississippi,28,1999,1999,Male,M,251,1363827,18.4,0.00%
,Mississippi,28,2000,2000,Female,F,53,1471104,3.6,0.00%
,Mississippi,28,2000,2000,Male,M,241,1373554,17.5,0.00%
,Mississippi,28,2001,2001,Female,F,54,1473486,3.7,0.00%
,Mississippi,28,2001,2001,Male,M,274,1379508,19.9,0.00%
,Mississippi,28,2002,2002,Female,F,55,1475412,3.7,0.00%
,Mississippi,28,2002,2002,Male,M,288,1383269,20.8,0.00%
,Mississippi,28,2003,2003,Female,F,78,1479611,5.3,0.00%
,Mississippi,28,2003,2003,Male,M,258,1388701,18.6,0.00%
,Mississippi,28,2004,2004,Female,F,55,1490115,3.7,0.00%
,Mississippi,28,2004,2004,Male,M,295,1398895,21.1,0.00%
,Mississippi,28,2005,2005,Female,F,66,1497962,4.4,0.00%
,Mississippi,28,2005,2005,Male,M,297,1407981,21.1,0.00%
,Mississippi,28,2006,2006,Female,F,72,1496313,4.8,0.00%
,Mississippi,28,2006,2006,Male,M,253,1408665,18,0.00%
,Mississippi,28,2007,2007,Female,F,70,1507071,4.6,0.00%
,Mississippi,28,2007,2007,Male,M,326,1421279,22.9,0.10%
,Mississippi,28,2008,2008,Female,F,68,1516955,4.5,0.00%
,Mississippi,28,2008,2008,Male,M,341,1430851,23.8,0.10%
,Mississippi,28,2009,2009,Female,F,69,1522000,4.5,0.00%
,Mississippi,28,2009,2009,Male,M,312,1436774,21.7,0.00%
,Mississippi,28,2010,2010,Female,F,80,1526057,5.2,0.00%
,Mississippi,28,2010,2010,Male,M,308,1441240,21.4,0.00%
,Mississippi,28,2011,2011,Female,F,79,1530884,5.2,0.00%
,Mississippi,28,2011,2011,Male,M,310,1447278,21.4,0.00%
,Mississippi,28,2012,2012,Female,F,85,1534582,5.5,0.00%
,Mississippi,28,2012,2012,Male,M,325,1450363,22.4,0.10%
,Mississippi,28,2013,2013,Female,F,83,1537088,5.4,0.00%
,Mississippi,28,2013,2013,Male,M,305,1453394,21,0.00%
,Mississippi,28,2014,2014,Female,F,81,1539178,5.3,0.00%
,Mississippi,28,2014,2014,Male,M,299,1453222,20.6,0.00%
,Mississippi,28,2015,2015,Female,F,92,1539511,6,0.00%
,Mississippi,28,2015,2015,Male,M,339,1449879,23.4,0.10%
,Mississippi,28,2016,2016,Female,F,79,1539934,5.1,0.00%
,Mississippi,28,2016,2016,Male,M,304,1448792,21,0.00%
,Missouri,29,1999,1999,Female,F,136,2860166,4.8,0.00%
,Missouri,29,1999,1999,Male,M,564,2701782,20.9,0.10%
,Missouri,29,2000,2000,Female,F,133,2875034,4.6,0.00%
,Missouri,29,2000,2000,Male,M,566,2720177,20.8,0.10%
,Missouri,29,2001,2001,Female,F,130,2895476,4.5,0.00%
,Missouri,29,2001,2001,Male,M,595,2745666,21.7,0.10%
,Missouri,29,2002,2002,Female,F,115,2910476,4,0.00%
,Missouri,29,2002,2002,Male,M,578,2764349,20.9,0.10%
,Missouri,29,2003,2003,Female,F,143,2926556,4.9,0.00%
,Missouri,29,2003,2003,Male,M,536,2782847,19.3,0.10%
,Missouri,29,2004,2004,Female,F,153,2942685,5.2,0.00%
,Missouri,29,2004,2004,Male,M,562,2805056,20,0.10%
,Missouri,29,2005,2005,Female,F,138,2962870,4.7,0.00%
,Missouri,29,2005,2005,Male,M,589,2827430,20.8,0.10%
,Missouri,29,2006,2006,Female,F,169,2987563,5.7,0.00%
,Missouri,29,2006,2006,Male,M,630,2855141,22.1,0.10%
,Missouri,29,2007,2007,Female,F,165,3007493,5.5,0.00%
,Missouri,29,2007,2007,Male,M,643,2880119,22.3,0.10%
,Missouri,29,2008,2008,Female,F,166,3024837,5.5,0.00%
,Missouri,29,2008,2008,Male,M,613,2899079,21.1,0.10%
,Missouri,29,2009,2009,Female,F,179,3042021,5.9,0.00%
,Missouri,29,2009,2009,Male,M,681,2919067,23.3,0.10%
,Missouri,29,2010,2010,Female,F,153,3055450,5,0.00%
,Missouri,29,2010,2010,Male,M,703,2933477,24,0.10%
,Missouri,29,2011,2011,Female,F,202,3065043,6.6,0.00%
,Missouri,29,2011,2011,Male,M,731,2945674,24.8,0.10%
,Missouri,29,2012,2012,Female,F,193,3071700,6.3,0.00%
,Missouri,29,2012,2012,Male,M,721,2953715,24.4,0.10%
,Missouri,29,2013,2013,Female,F,191,3078782,6.2,0.00%
,Missouri,29,2013,2013,Male,M,769,2963929,25.9,0.10%
,Missouri,29,2014,2014,Female,F,200,3086943,6.5,0.00%
,Missouri,29,2014,2014,Male,M,817,2973987,27.5,0.10%
,Missouri,29,2015,2015,Female,F,232,3093650,7.5,0.00%
,Missouri,29,2015,2015,Male,M,820,2982554,27.5,0.10%
,Missouri,29,2016,2016,Female,F,270,3100965,8.7,0.00%
,Missouri,29,2016,2016,Male,M,863,2992035,28.8,0.10%
,Montana,30,1999,1999,Female,F,29,450543,6.4,0.00%
,Montana,30,1999,1999,Male,M,133,446964,29.8,0.00%
,Montana,30,2000,2000,Female,F,23,452715,5.1,0.00%
,Montana,30,2000,2000,Male,M,135,449480,30,0.00%
,Montana,30,2001,2001,Female,F,27,454683,5.9,0.00%
,Montana,30,2001,2001,Male,M,148,452278,32.7,0.00%
,Montana,30,2002,2002,Female,F,34,456712,7.4,0.00%
,Montana,30,2002,2002,Male,M,150,454955,33,0.00%
,Montana,30,2003,2003,Female,F,33,460116,7.2,0.00%
,Montana,30,2003,2003,Male,M,147,459514,32,0.00%
,Montana,30,2004,2004,Female,F,33,465000,7.1,0.00%
,Montana,30,2004,2004,Male,M,142,465009,30.5,0.00%
,Montana,30,2005,2005,Female,F,37,469780,7.9,0.00%
,Montana,30,2005,2005,Male,M,169,470322,35.9,0.00%
,Montana,30,2006,2006,Female,F,25,475341,5.3,0.00%
,Montana,30,2006,2006,Male,M,164,477351,34.4,0.00%
,Montana,30,2007,2007,Female,F,40,480939,8.3,0.00%
,Montana,30,2007,2007,Male,M,156,483767,32.2,0.00%
,Montana,30,2008,2008,Female,F,43,486477,8.8,0.00%
,Montana,30,2008,2008,Male,M,160,489938,32.7,0.00%
,Montana,30,2009,2009,Female,F,42,490122,8.6,0.00%
,Montana,30,2009,2009,Male,M,177,493860,35.8,0.00%
,Montana,30,2010,2010,Female,F,48,492748,9.7,0.00%
,Montana,30,2010,2010,Male,M,179,496667,36,0.00%
,Montana,30,2011,2011,Female,F,55,497141,11.1,0.00%
,Montana,30,2011,2011,Male,M,177,500680,35.4,0.00%
,Montana,30,2012,2012,Female,F,46,500508,9.2,0.00%
,Montana,30,2012,2012,Male,M,187,504688,37.1,0.00%
,Montana,30,2013,2013,Female,F,61,504744,12.1,0.00%
,Montana,30,2013,2013,Male,M,182,509570,35.7,0.00%
,Montana,30,2014,2014,Female,F,54,508729,10.6,0.00%
,Montana,30,2014,2014,Male,M,197,514138,38.3,0.00%
,Montana,30,2015,2015,Female,F,65,512869,12.7,0.00%
,Montana,30,2015,2015,Male,M,207,519204,39.9,0.00%
,Montana,30,2016,2016,Female,F,47,517745,9.1,0.00%
,Montana,30,2016,2016,Male,M,220,524775,41.9,0.00%
,Nebraska,31,1999,1999,Female,F,23,865531,2.7,0.00%
,Nebraska,31,1999,1999,Male,M,154,839233,18.4,0.00%
,Nebraska,31,2000,2000,Female,F,34,867912,3.9,0.00%
,Nebraska,31,2000,2000,Male,M,159,843351,18.9,0.00%
,Nebraska,31,2001,2001,Female,F,26,871208,3,0.00%
,Nebraska,31,2001,2001,Male,M,161,848628,19,0.00%
,Nebraska,31,2002,2002,Female,F,34,874803,3.9,0.00%
,Nebraska,31,2002,2002,Male,M,167,853489,19.6,0.00%
,Nebraska,31,2003,2003,Female,F,25,879362,2.8,0.00%
,Nebraska,31,2003,2003,Male,M,151,859281,17.6,0.00%
,Nebraska,31,2004,2004,Female,F,34,883984,3.8,0.00%
,Nebraska,31,2004,2004,Male,M,132,865386,15.3,0.00%
,Nebraska,31,2005,2005,Female,F,41,889468,4.6,0.00%
,Nebraska,31,2005,2005,Male,M,146,872029,16.7,0.00%
,Nebraska,31,2006,2006,Female,F,33,894687,3.7,0.00%
,Nebraska,31,2006,2006,Male,M,169,878006,19.2,0.00%
,Nebraska,31,2007,2007,Female,F,42,900106,4.7,0.00%
,Nebraska,31,2007,2007,Male,M,139,883334,15.7,0.00%
,Nebraska,31,2008,2008,Female,F,28,905814,3.1,0.00%
,Nebraska,31,2008,2008,Male,M,163,890564,18.3,0.00%
,Nebraska,31,2009,2009,Female,F,31,913619,3.4,0.00%
,Nebraska,31,2009,2009,Male,M,139,899064,15.5,0.00%
,Nebraska,31,2010,2010,Female,F,38,920045,4.1,0.00%
,Nebraska,31,2010,2010,Male,M,155,906296,17.1,0.00%
,Nebraska,31,2011,2011,Female,F,42,927325,4.5,0.00%
,Nebraska,31,2011,2011,Male,M,151,914958,16.5,0.00%
,Nebraska,31,2012,2012,Female,F,43,933367,4.6,0.00%
,Nebraska,31,2012,2012,Male,M,189,922358,20.5,0.00%
,Nebraska,31,2013,2013,Female,F,45,938758,4.8,0.00%
,Nebraska,31,2013,2013,Male,M,175,929801,18.8,0.00%
,Nebraska,31,2014,2014,Female,F,49,944599,5.2,0.00%
,Nebraska,31,2014,2014,Male,M,202,936546,21.6,0.00%
,Nebraska,31,2015,2015,Female,F,47,950376,4.9,0.00%
,Nebraska,31,2015,2015,Male,M,176,943389,18.7,0.00%
,Nebraska,31,2016,2016,Female,F,44,956445,4.6,0.00%
,Nebraska,31,2016,2016,Male,M,202,950671,21.2,0.00%
,Nevada,32,1999,1999,Female,F,75,949422,7.9,0.00%
,Nevada,32,1999,1999,Male,M,329,985296,33.4,0.10%
,Nevada,32,2000,2000,Female,F,69,980206,7,0.00%
,Nevada,32,2000,2000,Male,M,331,1018051,32.5,0.10%
,Nevada,32,2001,2001,Female,F,84,1030850,8.1,0.00%
,Nevada,32,2001,2001,Male,M,303,1067549,28.4,0.00%
,Nevada,32,2002,2002,Female,F,90,1069764,8.4,0.00%
,Nevada,32,2002,2002,Male,M,333,1104027,30.2,0.10%
,Nevada,32,2003,2003,Female,F,85,1108135,7.7,0.00%
,Nevada,32,2003,2003,Male,M,349,1140715,30.6,0.10%
,Nevada,32,2004,2004,Female,F,98,1156586,8.5,0.00%
,Nevada,32,2004,2004,Male,M,342,1189636,28.7,0.10%
,Nevada,32,2005,2005,Female,F,101,1198846,8.4,0.00%
,Nevada,32,2005,2005,Male,M,379,1233297,30.7,0.10%
,Nevada,32,2006,2006,Female,F,108,1243993,8.7,0.00%
,Nevada,32,2006,2006,Male,M,378,1278665,29.6,0.10%
,Nevada,32,2007,2007,Female,F,102,1284052,7.9,0.00%
,Nevada,32,2007,2007,Male,M,369,1317020,28,0.10%
,Nevada,32,2008,2008,Female,F,110,1310601,8.4,0.00%
,Nevada,32,2008,2008,Male,M,418,1343029,31.1,0.10%
,Nevada,32,2009,2009,Female,F,117,1327618,8.8,0.00%
,Nevada,32,2009,2009,Male,M,388,1357047,28.6,0.10%
,Nevada,32,2010,2010,Female,F,124,1336935,9.3,0.00%
,Nevada,32,2010,2010,Male,M,423,1363616,31,0.10%
,Nevada,32,2011,2011,Female,F,123,1347717,9.1,0.00%
,Nevada,32,2011,2011,Male,M,393,1370662,28.7,0.10%
,Nevada,32,2012,2012,Female,F,139,1365943,10.2,0.00%
,Nevada,32,2012,2012,Male,M,385,1386622,27.8,0.10%
,Nevada,32,2013,2013,Female,F,126,1384611,9.1,0.00%
,Nevada,32,2013,2013,Male,M,415,1401853,29.6,0.10%
,Nevada,32,2014,2014,Female,F,124,1409276,8.8,0.00%
,Nevada,32,2014,2014,Male,M,449,1423737,31.5,0.10%
,Nevada,32,2015,2015,Female,F,147,1436336,10.2,0.00%
,Nevada,32,2015,2015,Male,M,411,1447422,28.4,0.10%
,Nevada,32,2016,2016,Female,F,163,1466061,11.1,0.00%
,Nevada,32,2016,2016,Male,M,487,1473997,33,0.10%
,New Hampshire,33,1999,1999,Female,F,27,621409,4.3,0.00%
,New Hampshire,33,1999,1999,Male,M,110,600605,18.3,0.00%
,New Hampshire,33,2000,2000,Female,F,27,628099,4.3,0.00%
,New Hampshire,33,2000,2000,Male,M,104,607687,17.1,0.00%
,New Hampshire,33,2001,2001,Female,F,35,637412,5.5,0.00%
,New Hampshire,33,2001,2001,Male,M,132,618105,21.4,0.00%
,New Hampshire,33,2002,2002,Female,F,23,643680,3.6,0.00%
,New Hampshire,33,2002,2002,Male,M,109,625409,17.4,0.00%
,New Hampshire,33,2003,2003,Female,F,31,648513,4.8,0.00%
,New Hampshire,33,2003,2003,Male,M,127,631327,20.1,0.00%
,New Hampshire,33,2004,2004,Female,F,29,653845,4.4,0.00%
,New Hampshire,33,2004,2004,Male,M,104,636276,16.3,0.00%
,New Hampshire,33,2005,2005,Female,F,29,657932,4.4,0.00%
,New Hampshire,33,2005,2005,Male,M,133,640560,20.8,0.00%
,New Hampshire,33,2006,2006,Female,F,40,662773,6,0.00%
,New Hampshire,33,2006,2006,Male,M,111,645616,17.2,0.00%
,New Hampshire,33,2007,2007,Female,F,35,664987,5.3,0.00%
,New Hampshire,33,2007,2007,Male,M,123,647553,19,0.00%
,New Hampshire,33,2008,2008,Female,F,40,666576,6,0.00%
,New Hampshire,33,2008,2008,Male,M,139,649330,21.4,0.00%
,New Hampshire,33,2009,2009,Female,F,32,666875,4.8,0.00%
,New Hampshire,33,2009,2009,Male,M,134,649227,20.6,0.00%
,New Hampshire,33,2010,2010,Female,F,40,667076,6,0.00%
,New Hampshire,33,2010,2010,Male,M,156,649394,24,0.00%
,New Hampshire,33,2011,2011,Female,F,39,667689,5.8,0.00%
,New Hampshire,33,2011,2011,Male,M,159,650784,24.4,0.00%
,New Hampshire,33,2012,2012,Female,F,43,668824,6.4,0.00%
,New Hampshire,33,2012,2012,Male,M,159,652358,24.4,0.00%
,New Hampshire,33,2013,2013,Female,F,44,669265,6.6,0.00%
,New Hampshire,33,2013,2013,Male,M,141,653422,21.6,0.00%
,New Hampshire,33,2014,2014,Female,F,56,671591,8.3,0.00%
,New Hampshire,33,2014,2014,Male,M,191,657152,29.1,0.00%
,New Hampshire,33,2015,2015,Female,F,62,671809,9.2,0.00%
,New Hampshire,33,2015,2015,Male,M,166,658302,25.2,0.00%
,New Hampshire,33,2016,2016,Female,F,61,673935,9.1,0.00%
,New Hampshire,33,2016,2016,Male,M,183,660860,27.7,0.00%
,New Jersey,34,1999,1999,Female,F,117,4304271,2.7,0.00%
,New Jersey,34,1999,1999,Male,M,446,4055321,11,0.10%
,New Jersey,34,2000,2000,Female,F,116,4331537,2.7,0.00%
,New Jersey,34,2000,2000,Male,M,444,4082813,10.9,0.10%
,New Jersey,34,2001,2001,Female,F,133,4369932,3,0.00%
,New Jersey,34,2001,2001,Male,M,455,4122739,11,0.10%
,New Jersey,34,2002,2002,Female,F,111,4398801,2.5,0.00%
,New Jersey,34,2002,2002,Male,M,442,4153842,10.6,0.10%
,New Jersey,34,2003,2003,Female,F,117,4421964,2.6,0.00%
,New Jersey,34,2003,2003,Male,M,471,4179438,11.3,0.10%
,New Jersey,34,2004,2004,Female,F,115,4436964,2.6,0.00%
,New Jersey,34,2004,2004,Male,M,482,4197597,11.5,0.10%
,New Jersey,34,2005,2005,Female,F,114,4443545,2.6,0.00%
,New Jersey,34,2005,2005,Male,M,422,4208429,10,0.10%
,New Jersey,34,2006,2006,Female,F,115,4448099,2.6,0.00%
,New Jersey,34,2006,2006,Male,M,470,4213580,11.2,0.10%
,New Jersey,34,2007,2007,Female,F,124,4455148,2.8,0.00%
,New Jersey,34,2007,2007,Male,M,472,4222737,11.2,0.10%
,New Jersey,34,2008,2008,Female,F,117,4469901,2.6,0.00%
,New Jersey,34,2008,2008,Male,M,498,4241189,11.7,0.10%
,New Jersey,34,2009,2009,Female,F,79,4493506,1.8,0.00%
,New Jersey,34,2009,2009,Male,M,478,4262096,11.2,0.10%
,New Jersey,34,2010,2010,Female,F,149,4512294,3.3,0.00%
,New Jersey,34,2010,2010,Male,M,570,4279600,13.3,0.10%
,New Jersey,34,2011,2011,Female,F,151,4533223,3.3,0.00%
,New Jersey,34,2011,2011,Male,M,538,4308020,12.5,0.10%
,New Jersey,34,2012,2012,Female,F,147,4547298,3.2,0.00%
,New Jersey,34,2012,2012,Male,M,536,4325913,12.4,0.10%
,New Jersey,34,2013,2013,Female,F,167,4558162,3.7,0.00%
,New Jersey,34,2013,2013,Male,M,590,4341000,13.6,0.10%
,New Jersey,34,2014,2014,Female,F,196,4569466,4.3,0.00%
,New Jersey,34,2014,2014,Male,M,590,4355535,13.5,0.10%
,New Jersey,34,2015,2015,Female,F,197,4574398,4.3,0.00%
,New Jersey,34,2015,2015,Male,M,592,4361023,13.6,0.10%
,New Jersey,34,2016,2016,Female,F,157,4576725,3.4,0.00%
,New Jersey,34,2016,2016,Male,M,530,4367744,12.1,0.10%
,New Mexico,35,1999,1999,Female,F,56,918661,6.1,0.00%
,New Mexico,35,1999,1999,Male,M,262,889421,29.5,0.00%
,New Mexico,35,2000,2000,Female,F,65,924729,7,0.00%
,New Mexico,35,2000,2000,Male,M,262,894317,29.3,0.00%
,New Mexico,35,2001,2001,Female,F,79,930387,8.5,0.00%
,New Mexico,35,2001,2001,Male,M,283,901303,31.4,0.00%
,New Mexico,35,2002,2002,Female,F,63,941856,6.7,0.00%
,New Mexico,35,2002,2002,Male,M,286,913453,31.3,0.00%
,New Mexico,35,2003,2003,Female,F,54,952303,5.7,0.00%
,New Mexico,35,2003,2003,Male,M,289,925271,31.2,0.00%
,New Mexico,35,2004,2004,Female,F,65,964738,6.7,0.00%
,New Mexico,35,2004,2004,Male,M,291,939070,31,0.00%
,New Mexico,35,2005,2005,Female,F,67,978520,6.8,0.00%
,New Mexico,35,2005,2005,Male,M,275,953754,28.8,0.00%
,New Mexico,35,2006,2006,Female,F,67,993969,6.7,0.00%
,New Mexico,35,2006,2006,Male,M,285,968168,29.4,0.00%
,New Mexico,35,2007,2007,Female,F,75,1007922,7.4,0.00%
,New Mexico,35,2007,2007,Male,M,326,982148,33.2,0.10%
,New Mexico,35,2008,2008,Female,F,104,1018578,10.2,0.00%
,New Mexico,35,2008,2008,Male,M,315,992084,31.8,0.00%
,New Mexico,35,2009,2009,Female,F,84,1031238,8.1,0.00%
,New Mexico,35,2009,2009,Male,M,292,1005564,29,0.00%
,New Mexico,35,2010,2010,Female,F,102,1041758,9.8,0.00%
,New Mexico,35,2010,2010,Male,M,311,1017421,30.6,0.00%
,New Mexico,35,2011,2011,Female,F,105,1050905,10,0.00%
,New Mexico,35,2011,2011,Male,M,315,1026851,30.7,0.00%
,New Mexico,35,2012,2012,Female,F,104,1052934,9.9,0.00%
,New Mexico,35,2012,2012,Male,M,338,1030850,32.8,0.10%
,New Mexico,35,2013,2013,Female,F,108,1053309,10.3,0.00%
,New Mexico,35,2013,2013,Male,M,323,1031884,31.3,0.00%
,New Mexico,35,2014,2014,Female,F,99,1051867,9.4,0.00%
,New Mexico,35,2014,2014,Male,M,350,1031157,33.9,0.10%
,New Mexico,35,2015,2015,Female,F,126,1050497,12,0.00%
,New Mexico,35,2015,2015,Male,M,374,1029831,36.3,0.10%
,New Mexico,35,2016,2016,Female,F,107,1050352,10.2,0.00%
,New Mexico,35,2016,2016,Male,M,364,1030663,35.3,0.10%
,New York,36,1999,1999,Female,F,254,9777654,2.6,0.00%
,New York,36,1999,1999,Male,M,942,9105071,10.3,0.10%
,New York,36,2000,2000,Female,F,198,9829709,2,0.00%
,New York,36,2000,2000,Male,M,934,9146748,10.2,0.10%
,New York,36,2001,2001,Female,F,245,9878713,2.5,0.00%
,New York,36,2001,2001,Male,M,1008,9204125,11,0.20%
,New York,36,2002,2002,Female,F,239,9902927,2.4,0.00%
,New York,36,2002,2002,Male,M,989,9234873,10.7,0.20%
,New York,36,2003,2003,Female,F,241,9917810,2.4,0.00%
,New York,36,2003,2003,Male,M,928,9258129,10,0.10%
,New York,36,2004,2004,Female,F,215,9913527,2.2,0.00%
,New York,36,2004,2004,Male,M,972,9258040,10.5,0.10%
,New York,36,2005,2005,Female,F,219,9887467,2.2,0.00%
,New York,36,2005,2005,Male,M,970,9245143,10.5,0.10%
,New York,36,2006,2006,Female,F,253,9871401,2.6,0.00%
,New York,36,2006,2006,Male,M,1073,9233230,11.6,0.20%
,New York,36,2007,2007,Female,F,331,9881510,3.3,0.10%
,New York,36,2007,2007,Male,M,1065,9250825,11.5,0.20%
,New York,36,2008,2008,Female,F,322,9918841,3.2,0.00%
,New York,36,2008,2008,Male,M,1087,9293595,11.7,0.20%
,New York,36,2009,2009,Female,F,298,9966620,3,0.00%
,New York,36,2009,2009,Male,M,1119,9340446,12,0.20%
,New York,36,2010,2010,Female,F,315,10000955,3.1,0.00%
,New York,36,2010,2010,Male,M,1232,9377147,13.1,0.20%
,New York,36,2011,2011,Female,F,344,10065115,3.4,0.10%
,New York,36,2011,2011,Male,M,1314,9454414,13.9,0.20%
,New York,36,2012,2012,Female,F,403,10100562,4,0.10%
,New York,36,2012,2012,Male,M,1305,9502207,13.7,0.20%
,New York,36,2013,2013,Female,F,404,10132132,4,0.10%
,New York,36,2013,2013,Male,M,1283,9541414,13.4,0.20%
,New York,36,2014,2014,Female,F,438,10152272,4.3,0.10%
,New York,36,2014,2014,Male,M,1262,9566243,13.2,0.20%
,New York,36,2015,2015,Female,F,439,10163440,4.3,0.10%
,New York,36,2015,2015,Male,M,1213,9583743,12.7,0.20%
,New York,36,2016,2016,Female,F,411,10157924,4,0.10%
,New York,36,2016,2016,Male,M,1268,9587365,13.2,0.20%
,North Carolina,37,1999,1999,Female,F,181,4062710,4.5,0.00%
,North Carolina,37,1999,1999,Male,M,703,3886651,18.1,0.10%
,North Carolina,37,2000,2000,Female,F,224,4106618,5.5,0.00%
,North Carolina,37,2000,2000,Male,M,747,3942695,18.9,0.10%
,North Carolina,37,2001,2001,Female,F,202,4187317,4.8,0.00%
,North Carolina,37,2001,2001,Male,M,795,4022805,19.8,0.10%
,North Carolina,37,2002,2002,Female,F,195,4250179,4.6,0.00%
,North Carolina,37,2002,2002,Male,M,791,4076022,19.4,0.10%
,North Carolina,37,2003,2003,Female,F,195,4313901,4.5,0.00%
,North Carolina,37,2003,2003,Male,M,760,4108600,18.5,0.10%
,North Carolina,37,2004,2004,Female,F,231,4376070,5.3,0.00%
,North Carolina,37,2004,2004,Male,M,796,4177082,19.1,0.10%
,North Carolina,37,2005,2005,Female,F,242,4457189,5.4,0.00%
,North Carolina,37,2005,2005,Male,M,767,4248218,18.1,0.10%
,North Carolina,37,2006,2006,Female,F,252,4563152,5.5,0.00%
,North Carolina,37,2006,2006,Male,M,854,4354118,19.6,0.10%
,North Carolina,37,2007,2007,Female,F,258,4677313,5.5,0.00%
,North Carolina,37,2007,2007,Male,M,819,4440724,18.4,0.10%
,North Carolina,37,2008,2008,Female,F,270,4771376,5.7,0.00%
,North Carolina,37,2008,2008,Male,M,892,4538073,19.7,0.10%
,North Carolina,37,2009,2009,Female,F,240,4846501,5,0.00%
,North Carolina,37,2009,2009,Male,M,934,4603065,20.3,0.10%
,North Carolina,37,2010,2010,Female,F,266,4889991,5.4,0.00%
,North Carolina,37,2010,2010,Male,M,908,4645492,19.5,0.10%
,North Carolina,37,2011,2011,Female,F,280,4953206,5.7,0.00%
,North Carolina,37,2011,2011,Male,M,933,4697757,19.9,0.10%
,North Carolina,37,2012,2012,Female,F,329,5003569,6.6,0.10%
,North Carolina,37,2012,2012,Male,M,957,4742606,20.2,0.10%
,North Carolina,37,2013,2013,Female,F,295,5053527,5.8,0.00%
,North Carolina,37,2013,2013,Male,M,989,4788063,20.7,0.20%
,North Carolina,37,2014,2014,Female,F,367,5104263,7.2,0.10%
,North Carolina,37,2014,2014,Male,M,985,4830136,20.4,0.20%
,North Carolina,37,2015,2015,Female,F,336,5155973,6.5,0.10%
,North Carolina,37,2015,2015,Male,M,1070,4879213,21.9,0.20%
,North Carolina,37,2016,2016,Female,F,359,5213836,6.9,0.10%
,North Carolina,37,2016,2016,Male,M,1014,4932952,20.6,0.20%
,North Dakota,38,1999,1999,Female,F,17,322617,5.3,0.00%
,North Dakota,38,1999,1999,Male,M,56,321642,17.4,0.00%
,North Dakota,38,2000,2000,Male,M,59,320524,18.4,0.00%
,North Dakota,38,2001,2001,Female,F,18,319787,5.6,0.00%
,North Dakota,38,2001,2001,Male,M,61,319275,19.1,0.00%
,North Dakota,38,2002,2002,Female,F,14,319017,4.4,0.00%
,North Dakota,38,2002,2002,Male,M,77,319151,24.1,0.00%
,North Dakota,38,2003,2003,Female,F,15,318896,4.7,0.00%
,North Dakota,38,2003,2003,Male,M,66,319921,20.6,0.00%
,North Dakota,38,2004,2004,Female,F,10,321008,3.1,0.00%
,North Dakota,38,2004,2004,Male,M,63,323697,19.5,0.00%
,North Dakota,38,2005,2005,Male,M,86,324546,26.5,0.00%
,North Dakota,38,2006,2006,Female,F,17,322583,5.3,0.00%
,North Dakota,38,2006,2006,Male,M,73,326839,22.3,0.00%
,North Dakota,38,2007,2007,Male,M,87,328756,26.5,0.00%
,North Dakota,38,2008,2008,Female,F,14,326131,4.3,0.00%
,North Dakota,38,2008,2008,Male,M,72,331438,21.7,0.00%
,North Dakota,38,2009,2009,Female,F,12,329674,3.6,0.00%
,North Dakota,38,2009,2009,Male,M,78,335294,23.3,0.00%
,North Dakota,38,2010,2010,Female,F,17,332727,5.1,0.00%
,North Dakota,38,2010,2010,Male,M,89,339864,26.2,0.00%
,North Dakota,38,2011,2011,Female,F,20,338183,5.9,0.00%
,North Dakota,38,2011,2011,Male,M,86,347293,24.8,0.00%
,North Dakota,38,2012,2012,Female,F,18,344921,5.2,0.00%
,North Dakota,38,2012,2012,Male,M,87,357166,24.4,0.00%
,North Dakota,38,2013,2013,Female,F,20,354142,5.6,0.00%
,North Dakota,38,2013,2013,Male,M,108,369877,29.2,0.00%
,North Dakota,38,2014,2014,Female,F,24,360722,6.7,0.00%
,North Dakota,38,2014,2014,Male,M,113,379182,29.8,0.00%
,North Dakota,38,2015,2015,Female,F,24,368098,6.5,0.00%
,North Dakota,38,2015,2015,Male,M,100,388737,25.7,0.00%
,North Dakota,38,2016,2016,Female,F,27,368978,7.3,0.00%
,North Dakota,38,2016,2016,Male,M,113,388974,29.1,0.00%
,Ohio,39,1999,1999,Female,F,201,5835017,3.4,0.00%
,Ohio,39,1999,1999,Male,M,901,5500437,16.4,0.10%
,Ohio,39,2000,2000,Female,F,191,5840878,3.3,0.00%
,Ohio,39,2000,2000,Male,M,897,5512262,16.3,0.10%
,Ohio,39,2001,2001,Female,F,215,5853691,3.7,0.00%
,Ohio,39,2001,2001,Male,M,1004,5533713,18.1,0.20%
,Ohio,39,2002,2002,Female,F,257,5859385,4.4,0.00%
,Ohio,39,2002,2002,Male,M,1030,5548504,18.6,0.20%
,Ohio,39,2003,2003,Female,F,189,5868535,3.2,0.00%
,Ohio,39,2003,2003,Male,M,885,5566253,15.9,0.10%
,Ohio,39,2004,2004,Female,F,283,5874411,4.8,0.00%
,Ohio,39,2004,2004,Male,M,1036,5577840,18.6,0.20%
,Ohio,39,2005,2005,Female,F,240,5876703,4.1,0.00%
,Ohio,39,2005,2005,Male,M,1101,5586617,19.7,0.20%
,Ohio,39,2006,2006,Female,F,284,5883067,4.8,0.00%
,Ohio,39,2006,2006,Male,M,1041,5598146,18.6,0.20%
,Ohio,39,2007,2007,Female,F,232,5890965,3.9,0.00%
,Ohio,39,2007,2007,Male,M,1063,5609503,18.9,0.20%
,Ohio,39,2008,2008,Female,F,288,5896594,4.9,0.00%
,Ohio,39,2008,2008,Male,M,1124,5618797,20,0.20%
,Ohio,39,2009,2009,Female,F,236,5902018,4,0.00%
,Ohio,39,2009,2009,Male,M,940,5626878,16.7,0.10%
,Ohio,39,2010,2010,Female,F,294,5904348,5,0.00%
,Ohio,39,2010,2010,Male,M,1145,5632156,20.3,0.20%
,Ohio,39,2011,2011,Female,F,298,5904764,5,0.00%
,Ohio,39,2011,2011,Male,M,1167,5640060,20.7,0.20%
,Ohio,39,2012,2012,Female,F,319,5903367,5.4,0.00%
,Ohio,39,2012,2012,Male,M,1223,5647472,21.7,0.20%
,Ohio,39,2013,2013,Female,F,339,5909091,5.7,0.10%
,Ohio,39,2013,2013,Male,M,1187,5660931,21,0.20%
,Ohio,39,2014,2014,Female,F,328,5918232,5.5,0.10%
,Ohio,39,2014,2014,Male,M,1163,5676176,20.5,0.20%
,Ohio,39,2015,2015,Female,F,339,5921183,5.7,0.10%
,Ohio,39,2015,2015,Male,M,1311,5683907,23.1,0.20%
,Ohio,39,2016,2016,Female,F,365,5922679,6.2,0.10%
,Ohio,39,2016,2016,Male,M,1342,5691694,23.6,0.20%
,Oklahoma,40,1999,1999,Female,F,100,1748783,5.7,0.00%
,Oklahoma,40,1999,1999,Male,M,392,1688364,23.2,0.10%
,Oklahoma,40,2000,2000,Female,F,103,1754759,5.9,0.00%
,Oklahoma,40,2000,2000,Male,M,394,1695895,23.2,0.10%
,Oklahoma,40,2001,2001,Female,F,91,1760052,5.2,0.00%
,Oklahoma,40,2001,2001,Male,M,424,1707048,24.8,0.10%
,Oklahoma,40,2002,2002,Female,F,104,1769080,5.9,0.00%
,Oklahoma,40,2002,2002,Male,M,397,1720000,23.1,0.10%
,Oklahoma,40,2003,2003,Female,F,78,1777723,4.4,0.00%
,Oklahoma,40,2003,2003,Male,M,398,1727169,23,0.10%
,Oklahoma,40,2004,2004,Female,F,111,1784671,6.2,0.00%
,Oklahoma,40,2004,2004,Male,M,395,1740562,22.7,0.10%
,Oklahoma,40,2005,2005,Female,F,118,1796475,6.6,0.00%
,Oklahoma,40,2005,2005,Male,M,404,1752122,23.1,0.10%
,Oklahoma,40,2006,2006,Female,F,111,1818693,6.1,0.00%
,Oklahoma,40,2006,2006,Male,M,426,1775397,24,0.10%
,Oklahoma,40,2007,2007,Female,F,125,1837175,6.8,0.00%
,Oklahoma,40,2007,2007,Male,M,406,1797174,22.6,0.10%
,Oklahoma,40,2008,2008,Female,F,109,1854771,5.9,0.00%
,Oklahoma,40,2008,2008,Male,M,466,1814205,25.7,0.10%
,Oklahoma,40,2009,2009,Female,F,111,1878034,5.9,0.00%
,Oklahoma,40,2009,2009,Male,M,456,1839538,24.8,0.10%
,Oklahoma,40,2010,2010,Female,F,118,1894374,6.2,0.00%
,Oklahoma,40,2010,2010,Male,M,500,1856977,26.9,0.10%
,Oklahoma,40,2011,2011,Female,F,141,1912687,7.4,0.00%
,Oklahoma,40,2011,2011,Male,M,552,1873587,29.5,0.10%
,Oklahoma,40,2012,2012,Female,F,138,1926891,7.2,0.00%
,Oklahoma,40,2012,2012,Male,M,532,1890163,28.1,0.10%
,Oklahoma,40,2013,2013,Female,F,134,1943794,6.9,0.00%
,Oklahoma,40,2013,2013,Male,M,531,1908621,27.8,0.10%
,Oklahoma,40,2014,2014,Female,F,175,1956189,8.9,0.00%
,Oklahoma,40,2014,2014,Male,M,561,1921310,29.2,0.10%
,Oklahoma,40,2015,2015,Female,F,171,1971061,8.7,0.00%
,Oklahoma,40,2015,2015,Male,M,619,1936353,32,0.10%
,Oklahoma,40,2016,2016,Female,F,161,1979658,8.1,0.00%
,Oklahoma,40,2016,2016,Male,M,661,1943903,34,0.10%
,Oregon,41,1999,1999,Female,F,80,1712226,4.7,0.00%
,Oregon,41,1999,1999,Male,M,398,1681715,23.7,0.10%
,Oregon,41,2000,2000,Female,F,113,1724849,6.6,0.00%
,Oregon,41,2000,2000,Male,M,380,1696550,22.4,0.10%
,Oregon,41,2001,2001,Female,F,104,1747889,6,0.00%
,Oregon,41,2001,2001,Male,M,401,1720048,23.3,0.10%
,Oregon,41,2002,2002,Female,F,85,1771126,4.8,0.00%
,Oregon,41,2002,2002,Male,M,433,1742298,24.9,0.10%
,Oregon,41,2003,2003,Female,F,112,1788805,6.3,0.00%
,Oregon,41,2003,2003,Male,M,480,1758571,27.3,0.10%
,Oregon,41,2004,2004,Female,F,140,1800377,7.8,0.00%
,Oregon,41,2004,2004,Male,M,415,1769086,23.5,0.10%
,Oregon,41,2005,2005,Female,F,117,1823447,6.4,0.00%
,Oregon,41,2005,2005,Male,M,443,1789755,24.8,0.10%
,Oregon,41,2006,2006,Female,F,137,1853117,7.4,0.00%
,Oregon,41,2006,2006,Male,M,442,1817766,24.3,0.10%
,Oregon,41,2007,2007,Female,F,128,1879347,6.8,0.00%
,Oregon,41,2007,2007,Male,M,466,1843070,25.3,0.10%
,Oregon,41,2008,2008,Female,F,119,1903535,6.3,0.00%
,Oregon,41,2008,2008,Male,M,453,1865213,24.3,0.10%
,Oregon,41,2009,2009,Female,F,157,1923209,8.2,0.00%
,Oregon,41,2009,2009,Male,M,487,1885391,25.8,0.10%
,Oregon,41,2010,2010,Female,F,150,1935072,7.8,0.00%
,Oregon,41,2010,2010,Male,M,535,1896002,28.2,0.10%
,Oregon,41,2011,2011,Female,F,137,1954193,7,0.00%
,Oregon,41,2011,2011,Male,M,519,1913838,27.1,0.10%
,Oregon,41,2012,2012,Female,F,172,1969360,8.7,0.00%
,Oregon,41,2012,2012,Male,M,552,1929756,28.6,0.10%
,Oregon,41,2013,2013,Female,F,162,1983096,8.2,0.00%
,Oregon,41,2013,2013,Male,M,536,1942655,27.6,0.10%
,Oregon,41,2014,2014,Female,F,168,2004243,8.4,0.00%
,Oregon,41,2014,2014,Male,M,614,1964128,31.3,0.10%
,Oregon,41,2015,2015,Female,F,185,2032247,9.1,0.00%
,Oregon,41,2015,2015,Male,M,577,1992387,29,0.10%
,Oregon,41,2016,2016,Female,F,190,2066455,9.2,0.00%
,Oregon,41,2016,2016,Male,M,582,2027010,28.7,0.10%
,Pennsylvania,42,1999,1999,Female,F,228,6347064,3.6,0.00%
,Pennsylvania,42,1999,1999,Male,M,1056,5916741,17.8,0.20%
,Pennsylvania,42,2000,2000,Female,F,241,6351391,3.8,0.00%
,Pennsylvania,42,2000,2000,Male,M,1115,5929663,18.8,0.20%
,Pennsylvania,42,2001,2001,Female,F,225,6354395,3.5,0.00%
,Pennsylvania,42,2001,2001,Male,M,1051,5944575,17.7,0.20%
,Pennsylvania,42,2002,2002,Female,F,235,6363832,3.7,0.00%
,Pennsylvania,42,2002,2002,Male,M,1106,5967199,18.5,0.20%
,Pennsylvania,42,2003,2003,Female,F,245,6377894,3.8,0.00%
,Pennsylvania,42,2003,2003,Male,M,1095,5996764,18.3,0.20%
,Pennsylvania,42,2004,2004,Female,F,280,6390749,4.4,0.00%
,Pennsylvania,42,2004,2004,Male,M,1130,6019973,18.8,0.20%
,Pennsylvania,42,2005,2005,Female,F,272,6405053,4.2,0.00%
,Pennsylvania,42,2005,2005,Male,M,1158,6044937,19.2,0.20%
,Pennsylvania,42,2006,2006,Female,F,243,6429312,3.8,0.00%
,Pennsylvania,42,2006,2006,Male,M,1153,6081497,19,0.20%
,Pennsylvania,42,2007,2007,Female,F,253,6452087,3.9,0.00%
,Pennsylvania,42,2007,2007,Male,M,1188,6111850,19.4,0.20%
,Pennsylvania,42,2008,2008,Female,F,276,6473295,4.3,0.00%
,Pennsylvania,42,2008,2008,Male,M,1263,6138990,20.6,0.20%
,Pennsylvania,42,2009,2009,Female,F,342,6497024,5.3,0.10%
,Pennsylvania,42,2009,2009,Male,M,1289,6169834,20.9,0.20%
,Pennsylvania,42,2010,2010,Female,F,326,6512016,5,0.10%
,Pennsylvania,42,2010,2010,Male,M,1250,6190363,20.2,0.20%
,Pennsylvania,42,2011,2011,Female,F,339,6526549,5.2,0.10%
,Pennsylvania,42,2011,2011,Male,M,1408,6217744,22.6,0.20%
,Pennsylvania,42,2012,2012,Female,F,327,6534002,5,0.10%
,Pennsylvania,42,2012,2012,Male,M,1320,6237852,21.2,0.20%
,Pennsylvania,42,2013,2013,Female,F,377,6532700,5.8,0.10%
,Pennsylvania,42,2013,2013,Male,M,1411,6248638,22.6,0.20%
,Pennsylvania,42,2014,2014,Female,F,377,6534062,5.8,0.10%
,Pennsylvania,42,2014,2014,Male,M,1440,6256503,23,0.20%
,Pennsylvania,42,2015,2015,Female,F,426,6530809,6.5,0.10%
,Pennsylvania,42,2015,2015,Male,M,1468,6261095,23.4,0.20%
,Pennsylvania,42,2016,2016,Female,F,437,6523033,6.7,0.10%
,Pennsylvania,42,2016,2016,Male,M,1533,6261194,24.5,0.20%
,Rhode Island,44,1999,1999,Female,F,21,540724,3.9,0.00%
,Rhode Island,44,1999,1999,Male,M,75,499678,15,0.00%
,Rhode Island,44,2000,2000,Female,F,14,544684,2.6,0.00%
,Rhode Island,44,2000,2000,Male,M,61,503635,12.1,0.00%
,Rhode Island,44,2001,2001,Female,F,22,548974,4,0.00%
,Rhode Island,44,2001,2001,Male,M,66,508168,13,0.00%
,Rhode Island,44,2002,2002,Female,F,20,553090,3.6,0.00%
,Rhode Island,44,2002,2002,Male,M,66,512905,12.9,0.00%
,Rhode Island,44,2003,2003,Female,F,15,555590,2.7,0.00%
,Rhode Island,44,2003,2003,Male,M,69,515752,13.4,0.00%
,Rhode Island,44,2004,2004,Female,F,15,556375,2.7,0.00%
,Rhode Island,44,2004,2004,Male,M,70,518204,13.5,0.00%
,Rhode Island,44,2005,2005,Female,F,21,552832,3.8,0.00%
,Rhode Island,44,2005,2005,Male,M,50,515084,9.7,0.00%
,Rhode Island,44,2006,2006,Female,F,15,550134,2.7,0.00%
,Rhode Island,44,2006,2006,Male,M,75,512962,14.6,0.00%
,Rhode Island,44,2007,2007,Female,F,20,546859,3.7,0.00%
,Rhode Island,44,2007,2007,Male,M,76,510456,14.9,0.00%
,Rhode Island,44,2008,2008,Female,F,32,545412,5.9,0.00%
,Rhode Island,44,2008,2008,Male,M,78,509591,15.3,0.00%
,Rhode Island,44,2009,2009,Female,F,22,544764,4,0.00%
,Rhode Island,44,2009,2009,Male,M,96,508882,18.9,0.00%
,Rhode Island,44,2010,2010,Female,F,19,544167,3.5,0.00%
,Rhode Island,44,2010,2010,Male,M,110,508400,21.6,0.00%
,Rhode Island,44,2011,2011,Female,F,20,543326,3.7,0.00%
,Rhode Island,44,2011,2011,Male,M,81,509125,15.9,0.00%
,Rhode Island,44,2012,2012,Female,F,27,543251,5,0.00%
,Rhode Island,44,2012,2012,Male,M,78,509650,15.3,0.00%
,Rhode Island,44,2013,2013,Female,F,30,543176,5.5,0.00%
,Rhode Island,44,2013,2013,Male,M,102,509857,20,0.00%
,Rhode Island,44,2014,2014,Female,F,31,543355,5.7,0.00%
,Rhode Island,44,2014,2014,Male,M,82,511125,16,0.00%
,Rhode Island,44,2015,2015,Female,F,27,543323,5,0.00%
,Rhode Island,44,2015,2015,Male,M,100,512284,19.5,0.00%
,Rhode Island,44,2016,2016,Female,F,32,543345,5.9,0.00%
,Rhode Island,44,2016,2016,Male,M,94,513081,18.3,0.00%
,South Carolina,45,1999,1999,Female,F,82,2045606,4,0.00%
,South Carolina,45,1999,1999,Male,M,336,1929076,17.4,0.10%
,South Carolina,45,2000,2000,Female,F,103,2063083,5,0.00%
,South Carolina,45,2000,2000,Male,M,340,1948929,17.4,0.10%
,South Carolina,45,2001,2001,Female,F,110,2089963,5.3,0.00%
,South Carolina,45,2001,2001,Male,M,357,1975032,18.1,0.10%
,South Carolina,45,2002,2002,Female,F,75,2111069,3.6,0.00%
,South Carolina,45,2002,2002,Male,M,365,1996726,18.3,0.10%
,South Carolina,45,2003,2003,Female,F,99,2133967,4.6,0.00%
,South Carolina,45,2003,2003,Male,M,377,2016330,18.7,0.10%
,South Carolina,45,2004,2004,Female,F,91,2162305,4.2,0.00%
,South Carolina,45,2004,2004,Male,M,391,2048616,19.1,0.10%
,South Carolina,45,2005,2005,Female,F,107,2192345,4.9,0.00%
,South Carolina,45,2005,2005,Male,M,403,2077805,19.4,0.10%
,South Carolina,45,2006,2006,Female,F,119,2237655,5.3,0.00%
,South Carolina,45,2006,2006,Male,M,405,2120192,19.1,0.10%
,South Carolina,45,2007,2007,Female,F,132,2280792,5.8,0.00%
,South Carolina,45,2007,2007,Male,M,398,2163318,18.4,0.10%
,South Carolina,45,2008,2008,Female,F,111,2325047,4.8,0.00%
,South Carolina,45,2008,2008,Male,M,454,2203949,20.6,0.10%
,South Carolina,45,2009,2009,Female,F,131,2357030,5.6,0.00%
,South Carolina,45,2009,2009,Male,M,488,2232842,21.9,0.10%
,South Carolina,45,2010,2010,Female,F,151,2375263,6.4,0.00%
,South Carolina,45,2010,2010,Male,M,486,2250101,21.6,0.10%
,South Carolina,45,2011,2011,Female,F,149,2400552,6.2,0.00%
,South Carolina,45,2011,2011,Male,M,509,2272085,22.4,0.10%
,South Carolina,45,2012,2012,Female,F,163,2425790,6.7,0.00%
,South Carolina,45,2012,2012,Male,M,510,2294970,22.2,0.10%
,South Carolina,45,2013,2013,Female,F,146,2450539,6,0.00%
,South Carolina,45,2013,2013,Male,M,550,2317355,23.7,0.10%
,South Carolina,45,2014,2014,Female,F,174,2482680,7,0.00%
,South Carolina,45,2014,2014,Male,M,579,2345750,24.7,0.10%
,South Carolina,45,2015,2015,Female,F,185,2517715,7.3,0.00%
,South Carolina,45,2015,2015,Male,M,557,2377119,23.4,0.10%
,South Carolina,45,2016,2016,Female,F,204,2553185,8,0.00%
,South Carolina,45,2016,2016,Male,M,611,2407934,25.4,0.10%
,South Dakota,46,1999,1999,Female,F,10,378500,2.6,0.00%
,South Dakota,46,1999,1999,Male,M,93,371912,25,0.00%
,South Dakota,46,2000,2000,Female,F,12,380286,3.2,0.00%
,South Dakota,46,2000,2000,Male,M,83,374558,22.2,0.00%
,South Dakota,46,2001,2001,Female,F,17,381537,4.5,0.00%
,South Dakota,46,2001,2001,Male,M,88,376435,23.4,0.00%
,South Dakota,46,2002,2002,Female,F,18,382328,4.7,0.00%
,South Dakota,46,2002,2002,Male,M,76,377692,20.1,0.00%
,South Dakota,46,2003,2003,Female,F,19,383633,5,0.00%
,South Dakota,46,2003,2003,Male,M,83,380096,21.8,0.00%
,South Dakota,46,2004,2004,Female,F,18,386677,4.7,0.00%
,South Dakota,46,2004,2004,Male,M,94,383719,24.5,0.00%
,South Dakota,46,2005,2005,Female,F,17,389021,4.4,0.00%
,South Dakota,46,2005,2005,Male,M,104,386472,26.9,0.00%
,South Dakota,46,2006,2006,Female,F,21,392420,5.4,0.00%
,South Dakota,46,2006,2006,Male,M,104,390613,26.6,0.00%
,South Dakota,46,2007,2007,Female,F,26,396650,6.6,0.00%
,South Dakota,46,2007,2007,Male,M,76,394973,19.2,0.00%
,South Dakota,46,2008,2008,Female,F,23,400236,5.7,0.00%
,South Dakota,46,2008,2008,Male,M,101,398888,25.3,0.00%
,South Dakota,46,2009,2009,Female,F,21,403198,5.2,0.00%
,South Dakota,46,2009,2009,Male,M,108,403869,26.7,0.00%
,South Dakota,46,2010,2010,Female,F,38,406799,9.3,0.00%
,South Dakota,46,2010,2010,Male,M,102,407381,25,0.00%
,South Dakota,46,2011,2011,Female,F,27,410891,6.6,0.00%
,South Dakota,46,2011,2011,Male,M,101,413507,24.4,0.00%
,South Dakota,46,2012,2012,Female,F,24,415431,5.8,0.00%
,South Dakota,46,2012,2012,Male,M,117,419010,27.9,0.00%
,South Dakota,46,2013,2013,Female,F,23,420307,5.5,0.00%
,South Dakota,46,2013,2013,Male,M,124,424615,29.2,0.00%
,South Dakota,46,2014,2014,Female,F,32,423635,7.6,0.00%
,South Dakota,46,2014,2014,Male,M,109,428926,25.4,0.00%
,South Dakota,46,2015,2015,Female,F,46,425926,10.8,0.00%
,South Dakota,46,2015,2015,Male,M,127,431993,29.4,0.00%
,South Dakota,46,2016,2016,Female,F,36,429182,8.4,0.00%
,South Dakota,46,2016,2016,Male,M,127,436272,29.1,0.00%
,Tennessee,47,1999,1999,Female,F,140,2897466,4.8,0.00%
,Tennessee,47,1999,1999,Male,M,586,2741240,21.4,0.10%
,Tennessee,47,2000,2000,Female,F,146,2919008,5,0.00%
,Tennessee,47,2000,2000,Male,M,584,2770275,21.1,0.10%
,Tennessee,47,2001,2001,Female,F,133,2948421,4.5,0.00%
,Tennessee,47,2001,2001,Male,M,578,2802368,20.6,0.10%
,Tennessee,47,2002,2002,Female,F,166,2971873,5.6,0.00%
,Tennessee,47,2002,2002,Male,M,612,2824045,21.7,0.10%
,Tennessee,47,2003,2003,Female,F,165,3000983,5.5,0.00%
,Tennessee,47,2003,2003,Male,M,597,2846829,21,0.10%
,Tennessee,47,2004,2004,Female,F,165,3027931,5.4,0.00%
,Tennessee,47,2004,2004,Male,M,627,2882878,21.7,0.10%
,Tennessee,47,2005,2005,Female,F,159,3068439,5.2,0.00%
,Tennessee,47,2005,2005,Male,M,697,2922618,23.8,0.10%
,Tennessee,47,2006,2006,Female,F,195,3121455,6.2,0.00%
,Tennessee,47,2006,2006,Male,M,679,2967311,22.9,0.10%
,Tennessee,47,2007,2007,Female,F,201,3162280,6.4,0.00%
,Tennessee,47,2007,2007,Male,M,643,3013447,21.3,0.10%
,Tennessee,47,2008,2008,Female,F,223,3203115,7,0.00%
,Tennessee,47,2008,2008,Male,M,750,3044296,24.6,0.10%
,Tennessee,47,2009,2009,Female,F,199,3231769,6.2,0.00%
,Tennessee,47,2009,2009,Male,M,748,3074250,24.3,0.10%
,Tennessee,47,2010,2010,Female,F,215,3252601,6.6,0.00%
,Tennessee,47,2010,2010,Male,M,728,3093504,23.5,0.10%
,Tennessee,47,2011,2011,Female,F,208,3279685,6.3,0.00%
,Tennessee,47,2011,2011,Male,M,747,3117949,24,0.10%
,Tennessee,47,2012,2012,Female,F,207,3307668,6.3,0.00%
,Tennessee,47,2012,2012,Male,M,771,3146638,24.5,0.10%
,Tennessee,47,2013,2013,Female,F,200,3328090,6,0.00%
,Tennessee,47,2013,2013,Male,M,830,3166731,26.2,0.10%
,Tennessee,47,2014,2014,Female,F,205,3352833,6.1,0.00%
,Tennessee,47,2014,2014,Male,M,792,3191830,24.8,0.10%
,Tennessee,47,2015,2015,Female,F,229,3379230,6.8,0.00%
,Tennessee,47,2015,2015,Male,M,839,3215826,26.1,0.10%
,Tennessee,47,2016,2016,Female,F,253,3408679,7.4,0.00%
,Tennessee,47,2016,2016,Male,M,858,3242515,26.5,0.10%
,Texas,48,1999,1999,Female,F,409,10360202,3.9,0.10%
,Texas,48,1999,1999,Male,M,1596,10198018,15.7,0.20%
,Texas,48,2000,2000,Female,F,406,10498910,3.9,0.10%
,Texas,48,2000,2000,Male,M,1647,10352910,15.9,0.30%
,Texas,48,2001,2001,Female,F,444,10731190,4.1,0.10%
,Texas,48,2001,2001,Male,M,1781,10588432,16.8,0.30%
,Texas,48,2002,2002,Female,F,505,10914653,4.6,0.10%
,Texas,48,2002,2002,Male,M,1806,10775672,16.8,0.30%
,Texas,48,2003,2003,Female,F,509,11095953,4.6,0.10%
,Texas,48,2003,2003,Male,M,1854,10934978,17,0.30%
,Texas,48,2004,2004,Female,F,497,11278402,4.4,0.10%
,Texas,48,2004,2004,Male,M,1803,11115621,16.2,0.30%
,Texas,48,2005,2005,Female,F,494,11470439,4.3,0.10%
,Texas,48,2005,2005,Male,M,1924,11307684,17,0.30%
,Texas,48,2006,2006,Female,F,500,11771243,4.2,0.10%
,Texas,48,2006,2006,Male,M,1847,11588337,15.9,0.30%
,Texas,48,2007,2007,Female,F,501,12010572,4.2,0.10%
,Texas,48,2007,2007,Male,M,1932,11821411,16.3,0.30%
,Texas,48,2008,2008,Female,F,500,12249936,4.1,0.10%
,Texas,48,2008,2008,Male,M,2052,12059103,17,0.30%
,Texas,48,2009,2009,Female,F,572,12500150,4.6,0.10%
,Texas,48,2009,2009,Male,M,2237,12301611,18.2,0.30%
,Texas,48,2010,2010,Female,F,591,12673281,4.7,0.10%
,Texas,48,2010,2010,Male,M,2300,12472280,18.4,0.40%
,Texas,48,2011,2011,Female,F,599,12924099,4.6,0.10%
,Texas,48,2011,2011,Male,M,2297,12722290,18.1,0.40%
,Texas,48,2012,2012,Female,F,617,13136126,4.7,0.10%
,Texas,48,2012,2012,Male,M,2420,12935529,18.7,0.40%
,Texas,48,2013,2013,Female,F,669,13336093,5,0.10%
,Texas,48,2013,2013,Male,M,2390,13137432,18.2,0.40%
,Texas,48,2014,2014,Female,F,726,13572223,5.3,0.10%
,Texas,48,2014,2014,Male,M,2528,13372528,18.9,0.40%
,Texas,48,2015,2015,Female,F,788,13813647,5.7,0.10%
,Texas,48,2015,2015,Male,M,2615,13615992,19.2,0.40%
,Texas,48,2016,2016,Female,F,769,14031164,5.5,0.10%
,Texas,48,2016,2016,Male,M,2719,13831432,19.7,0.40%
,Utah,49,1999,1999,Female,F,41,1100167,3.7,0.00%
,Utah,49,1999,1999,Male,M,241,1103315,21.8,0.00%
,Utah,49,2000,2000,Female,F,73,1114138,6.6,0.00%
,Utah,49,2000,2000,Male,M,225,1119031,20.1,0.00%
,Utah,49,2001,2001,Female,F,56,1139182,4.9,0.00%
,Utah,49,2001,2001,Male,M,265,1144533,23.2,0.00%
,Utah,49,2002,2002,Female,F,77,1158853,6.6,0.00%
,Utah,49,2002,2002,Male,M,263,1165962,22.6,0.00%
,Utah,49,2003,2003,Female,F,55,1175867,4.7,0.00%
,Utah,49,2003,2003,Male,M,281,1184270,23.7,0.00%
,Utah,49,2004,2004,Female,F,67,1196749,5.6,0.00%
,Utah,49,2004,2004,Male,M,310,1204831,25.7,0.00%
,Utah,49,2005,2005,Female,F,62,1224741,5.1,0.00%
,Utah,49,2005,2005,Male,M,286,1232978,23.2,0.00%
,Utah,49,2006,2006,Female,F,82,1257991,6.5,0.00%
,Utah,49,2006,2006,Male,M,280,1267516,22.1,0.00%
,Utah,49,2007,2007,Female,F,76,1292672,5.9,0.00%
,Utah,49,2007,2007,Male,M,302,1305074,23.1,0.00%
,Utah,49,2008,2008,Female,F,73,1325631,5.5,0.00%
,Utah,49,2008,2008,Male,M,317,1337398,23.7,0.00%
,Utah,49,2009,2009,Female,F,98,1355509,7.2,0.00%
,Utah,49,2009,2009,Male,M,351,1367912,25.7,0.10%
,Utah,49,2010,2010,Female,F,98,1375568,7.1,0.00%
,Utah,49,2010,2010,Male,M,375,1388317,27,0.10%
,Utah,49,2011,2011,Female,F,115,1401492,8.2,0.00%
,Utah,49,2011,2011,Male,M,387,1414632,27.4,0.10%
,Utah,49,2012,2012,Female,F,117,1419977,8.2,0.00%
,Utah,49,2012,2012,Male,M,433,1435805,30.2,0.10%
,Utah,49,2013,2013,Female,F,128,1442748,8.9,0.00%
,Utah,49,2013,2013,Male,M,451,1459915,30.9,0.10%
,Utah,49,2014,2014,Female,F,141,1462056,9.6,0.00%
,Utah,49,2014,2014,Male,M,418,1479780,28.2,0.10%
,Utah,49,2015,2015,Female,F,153,1485572,10.3,0.00%
,Utah,49,2015,2015,Male,M,477,1505060,31.7,0.10%
,Utah,49,2016,2016,Female,F,153,1515323,10.1,0.00%
,Utah,49,2016,2016,Male,M,467,1535894,30.4,0.10%
,Vermont,50,1999,1999,Female,F,14,308398,4.5,0.00%
,Vermont,50,1999,1999,Male,M,49,296285,16.5,0.00%
,Vermont,50,2000,2000,Male,M,68,298337,22.8,0.00%
,Vermont,50,2001,2001,Female,F,13,311779,4.2,0.00%
,Vermont,50,2001,2001,Male,M,59,300444,19.6,0.00%
,Vermont,50,2002,2002,Female,F,15,312959,4.8,0.00%
,Vermont,50,2002,2002,Male,M,77,302483,25.5,0.00%
,Vermont,50,2003,2003,Female,F,14,314206,4.5,0.00%
,Vermont,50,2003,2003,Male,M,69,303652,22.7,0.00%
,Vermont,50,2004,2004,Female,F,16,315080,5.1,0.00%
,Vermont,50,2004,2004,Male,M,77,304840,25.3,0.00%
,Vermont,50,2005,2005,Female,F,18,315422,5.7,0.00%
,Vermont,50,2005,2005,Male,M,60,305793,19.6,0.00%
,Vermont,50,2006,2006,Female,F,20,316290,6.3,0.00%
,Vermont,50,2006,2006,Male,M,61,306602,19.9,0.00%
,Vermont,50,2007,2007,Female,F,19,316538,6,0.00%
,Vermont,50,2007,2007,Male,M,70,306943,22.8,0.00%
,Vermont,50,2008,2008,Female,F,22,316722,6.9,0.00%
,Vermont,50,2008,2008,Male,M,72,307429,23.4,0.00%
,Vermont,50,2009,2009,Female,F,18,317128,5.7,0.00%
,Vermont,50,2009,2009,Male,M,69,307689,22.4,0.00%
,Vermont,50,2010,2010,Female,F,20,317535,6.3,0.00%
,Vermont,50,2010,2010,Male,M,86,308206,27.9,0.00%
,Vermont,50,2011,2011,Female,F,22,317707,6.9,0.00%
,Vermont,50,2011,2011,Male,M,98,309023,31.7,0.00%
,Vermont,50,2012,2012,Female,F,11,317505,3.5,0.00%
,Vermont,50,2012,2012,Male,M,76,308939,24.6,0.00%
,Vermont,50,2013,2013,Female,F,30,317714,9.4,0.00%
,Vermont,50,2013,2013,Male,M,82,309426,26.5,0.00%
,Vermont,50,2014,2014,Female,F,22,317629,6.9,0.00%
,Vermont,50,2014,2014,Male,M,102,309355,33,0.00%
,Vermont,50,2015,2015,Female,F,16,317024,5,0.00%
,Vermont,50,2015,2015,Male,M,87,309064,28.1,0.00%
,Vermont,50,2016,2016,Female,F,25,316128,7.9,0.00%
,Vermont,50,2016,2016,Male,M,93,308466,30.1,0.00%
,Virginia,51,1999,1999,Female,F,166,3569683,4.7,0.00%
,Virginia,51,1999,1999,Male,M,625,3430491,18.2,0.10%
,Virginia,51,2000,2000,Female,F,167,3606620,4.6,0.00%
,Virginia,51,2000,2000,Male,M,601,3471895,17.3,0.10%
,Virginia,51,2001,2001,Female,F,176,3665386,4.8,0.00%
,Virginia,51,2001,2001,Male,M,621,3532976,17.6,0.10%
,Virginia,51,2002,2002,Female,F,175,3713695,4.7,0.00%
,Virginia,51,2002,2002,Male,M,624,3573178,17.5,0.10%
,Virginia,51,2003,2003,Female,F,177,3757780,4.7,0.00%
,Virginia,51,2003,2003,Male,M,631,3609197,17.5,0.10%
,Virginia,51,2004,2004,Female,F,171,3814310,4.5,0.00%
,Virginia,51,2004,2004,Male,M,657,3661265,17.9,0.10%
,Virginia,51,2005,2005,Female,F,185,3863646,4.8,0.00%
,Virginia,51,2005,2005,Male,M,681,3713459,18.3,0.10%
,Virginia,51,2006,2006,Female,F,206,3908475,5.3,0.00%
,Virginia,51,2006,2006,Male,M,670,3765250,17.8,0.10%
,Virginia,51,2007,2007,Female,F,229,3947966,5.8,0.00%
,Virginia,51,2007,2007,Male,M,651,3803034,17.1,0.10%
,Virginia,51,2008,2008,Female,F,204,3988983,5.1,0.00%
,Virginia,51,2008,2008,Male,M,744,3844513,19.4,0.10%
,Virginia,51,2009,2009,Female,F,217,4037895,5.4,0.00%
,Virginia,51,2009,2009,Male,M,746,3888042,19.2,0.10%
,Virginia,51,2010,2010,Female,F,191,4075041,4.7,0.00%
,Virginia,51,2010,2010,Male,M,772,3925983,19.7,0.10%
,Virginia,51,2011,2011,Female,F,242,4127214,5.9,0.00%
,Virginia,51,2011,2011,Male,M,812,3982821,20.4,0.10%
,Virginia,51,2012,2012,Female,F,233,4166416,5.6,0.00%
,Virginia,51,2012,2012,Male,M,830,4025632,20.6,0.10%
,Virginia,51,2013,2013,Female,F,236,4200657,5.6,0.00%
,Virginia,51,2013,2013,Male,M,836,4062035,20.6,0.10%
,Virginia,51,2014,2014,Female,F,253,4227373,6,0.00%
,Virginia,51,2014,2014,Male,M,870,4089999,21.3,0.10%
,Virginia,51,2015,2015,Female,F,254,4251666,6,0.00%
,Virginia,51,2015,2015,Male,M,864,4115921,21,0.10%
,Virginia,51,2016,2016,Female,F,285,4274994,6.7,0.00%
,Virginia,51,2016,2016,Male,M,881,4136814,21.3,0.10%
,Washington,53,1999,1999,Female,F,171,2934901,5.8,0.00%
,Washington,53,1999,1999,Male,M,645,2907663,22.2,0.10%
,Washington,53,2000,2000,Female,F,140,2959821,4.7,0.00%
,Washington,53,2000,2000,Male,M,587,2934300,20,0.10%
,Washington,53,2001,2001,Female,F,142,3002080,4.7,0.00%
,Washington,53,2001,2001,Male,M,570,2983642,19.1,0.10%
,Washington,53,2002,2002,Female,F,169,3036742,5.6,0.00%
,Washington,53,2002,2002,Male,M,642,3015607,21.3,0.10%
,Washington,53,2003,2003,Female,F,161,3065739,5.3,0.00%
,Washington,53,2003,2003,Male,M,642,3038376,21.1,0.10%
,Washington,53,2004,2004,Female,F,191,3107815,6.1,0.00%
,Washington,53,2004,2004,Male,M,639,3070830,20.8,0.10%
,Washington,53,2005,2005,Female,F,166,3145396,5.3,0.00%
,Washington,53,2005,2005,Male,M,656,3111909,21.1,0.10%
,Washington,53,2006,2006,Female,F,177,3200695,5.5,0.00%
,Washington,53,2006,2006,Male,M,632,3170058,19.9,0.10%
,Washington,53,2007,2007,Female,F,190,3247800,5.9,0.00%
,Washington,53,2007,2007,Male,M,675,3213787,21,0.10%
,Washington,53,2008,2008,Female,F,189,3293162,5.7,0.00%
,Washington,53,2008,2008,Male,M,700,3269069,21.4,0.10%
,Washington,53,2009,2009,Female,F,204,3343920,6.1,0.00%
,Washington,53,2009,2009,Male,M,717,3323506,21.6,0.10%
,Washington,53,2010,2010,Female,F,218,3374833,6.5,0.00%
,Washington,53,2010,2010,Male,M,739,3349707,22.1,0.10%
,Washington,53,2011,2011,Female,F,254,3423305,7.4,0.00%
,Washington,53,2011,2011,Male,M,767,3399215,22.6,0.10%
,Washington,53,2012,2012,Female,F,221,3458706,6.4,0.00%
,Washington,53,2012,2012,Male,M,817,3436520,23.8,0.10%
,Washington,53,2013,2013,Female,F,251,3493208,7.2,0.00%
,Washington,53,2013,2013,Male,M,776,3474798,22.3,0.10%
,Washington,53,2014,2014,Female,F,265,3533086,7.5,0.00%
,Washington,53,2014,2014,Male,M,854,3521110,24.3,0.10%
,Washington,53,2015,2015,Female,F,312,3584798,8.7,0.00%
,Washington,53,2015,2015,Male,M,825,3575492,23.1,0.10%
,Washington,53,2016,2016,Female,F,249,3646600,6.8,0.00%
,Washington,53,2016,2016,Male,M,892,3641400,24.5,0.10%
,West Virginia,54,1999,1999,Female,F,34,931809,3.6,0.00%
,West Virginia,54,1999,1999,Male,M,195,879990,22.2,0.00%
,West Virginia,54,2000,2000,Female,F,51,929174,5.5,0.00%
,West Virginia,54,2000,2000,Male,M,194,879170,22.1,0.00%
,West Virginia,54,2001,2001,Female,F,46,923643,5,0.00%
,West Virginia,54,2001,2001,Male,M,240,877838,27.3,0.00%
,West Virginia,54,2002,2002,Female,F,41,923841,4.4,0.00%
,West Virginia,54,2002,2002,Male,M,235,881573,26.7,0.00%
,West Virginia,54,2003,2003,Female,F,40,925835,4.3,0.00%
,West Virginia,54,2003,2003,Male,M,226,886460,25.5,0.00%
,West Virginia,54,2004,2004,Female,F,49,927027,5.3,0.00%
,West Virginia,54,2004,2004,Male,M,236,889411,26.5,0.00%
,West Virginia,54,2005,2005,Female,F,44,927690,4.7,0.00%
,West Virginia,54,2005,2005,Male,M,211,892802,23.6,0.00%
,West Virginia,54,2006,2006,Female,F,54,930605,5.8,0.00%
,West Virginia,54,2006,2006,Male,M,215,897307,24,0.00%
,West Virginia,54,2007,2007,Female,F,46,932683,4.9,0.00%
,West Virginia,54,2007,2007,Male,M,254,901369,28.2,0.00%
,West Virginia,54,2008,2008,Female,F,56,934911,6,0.00%
,West Virginia,54,2008,2008,Male,M,205,905399,22.6,0.00%
,West Virginia,54,2009,2009,Female,F,41,937434,4.4,0.00%
,West Virginia,54,2009,2009,Male,M,212,910341,23.3,0.00%
,West Virginia,54,2010,2010,Female,F,40,939408,4.3,0.00%
,West Virginia,54,2010,2010,Male,M,239,913586,26.2,0.00%
,West Virginia,54,2011,2011,Female,F,58,939647,6.2,0.00%
,West Virginia,54,2011,2011,Male,M,248,915325,27.1,0.00%
,West Virginia,54,2012,2012,Female,F,73,939735,7.8,0.00%
,West Virginia,54,2012,2012,Male,M,253,916825,27.6,0.00%
,West Virginia,54,2013,2013,Female,F,53,937378,5.7,0.00%
,West Virginia,54,2013,2013,Male,M,270,915853,29.5,0.00%
,West Virginia,54,2014,2014,Female,F,79,935068,8.4,0.00%
,West Virginia,54,2014,2014,Male,M,280,913446,30.7,0.00%
,West Virginia,54,2015,2015,Female,F,69,930656,7.4,0.00%
,West Virginia,54,2015,2015,Male,M,271,910397,29.8,0.00%
,West Virginia,54,2016,2016,Female,F,82,925159,8.9,0.00%
,West Virginia,54,2016,2016,Male,M,280,905943,30.9,0.00%
,Wisconsin,55,1999,1999,Female,F,125,2701525,4.6,0.00%
,Wisconsin,55,1999,1999,Male,M,468,2631141,17.8,0.10%
,Wisconsin,55,2000,2000,Female,F,119,2714634,4.4,0.00%
,Wisconsin,55,2000,2000,Male,M,471,2649041,17.8,0.10%
,Wisconsin,55,2001,2001,Female,F,117,2733647,4.3,0.00%
,Wisconsin,55,2001,2001,Male,M,522,2673188,19.5,0.10%
,Wisconsin,55,2002,2002,Female,F,115,2751697,4.2,0.00%
,Wisconsin,55,2002,2002,Male,M,512,2693465,19,0.10%
,Wisconsin,55,2003,2003,Female,F,109,2766901,3.9,0.00%
,Wisconsin,55,2003,2003,Male,M,538,2712302,19.8,0.10%
,Wisconsin,55,2004,2004,Female,F,155,2782678,5.6,0.00%
,Wisconsin,55,2004,2004,Male,M,507,2731348,18.6,0.10%
,Wisconsin,55,2005,2005,Female,F,121,2797061,4.3,0.00%
,Wisconsin,55,2005,2005,Male,M,522,2749105,19,0.10%
,Wisconsin,55,2006,2006,Female,F,144,2812276,5.1,0.00%
,Wisconsin,55,2006,2006,Male,M,526,2765379,19,0.10%
,Wisconsin,55,2007,2007,Female,F,148,2827782,5.2,0.00%
,Wisconsin,55,2007,2007,Male,M,581,2782993,20.9,0.10%
,Wisconsin,55,2008,2008,Female,F,158,2842268,5.6,0.00%
,Wisconsin,55,2008,2008,Male,M,585,2798728,20.9,0.10%
,Wisconsin,55,2009,2009,Female,F,165,2856103,5.8,0.00%
,Wisconsin,55,2009,2009,Male,M,559,2813161,19.9,0.10%
,Wisconsin,55,2010,2010,Female,F,160,2864586,5.6,0.00%
,Wisconsin,55,2010,2010,Male,M,633,2822400,22.4,0.10%
,Wisconsin,55,2011,2011,Female,F,176,2875152,6.1,0.00%
,Wisconsin,55,2011,2011,Male,M,569,2834488,20.1,0.10%
,Wisconsin,55,2012,2012,Female,F,157,2882702,5.4,0.00%
,Wisconsin,55,2012,2012,Male,M,566,2843475,19.9,0.10%
,Wisconsin,55,2013,2013,Female,F,158,2890443,5.5,0.00%
,Wisconsin,55,2013,2013,Male,M,692,2852411,24.3,0.10%
,Wisconsin,55,2014,2014,Female,F,171,2897246,5.9,0.00%
,Wisconsin,55,2014,2014,Male,M,598,2861131,20.9,0.10%
,Wisconsin,55,2015,2015,Female,F,213,2900825,7.3,0.00%
,Wisconsin,55,2015,2015,Male,M,664,2867066,23.2,0.10%
,Wisconsin,55,2016,2016,Female,F,187,2905282,6.4,0.00%
,Wisconsin,55,2016,2016,Male,M,679,2873426,23.6,0.10%
,Wyoming,56,1999,1999,Female,F,23,244518,9.4,0.00%
,Wyoming,56,1999,1999,Male,M,75,247262,30.3,0.00%
,Wyoming,56,2000,2000,Female,F,15,245408,6.1,0.00%
,Wyoming,56,2000,2000,Male,M,68,248374,27.4,0.00%
,Wyoming,56,2001,2001,Female,F,11,245327,4.5,0.00%
,Wyoming,56,2001,2001,Male,M,72,249330,28.9,0.00%
,Wyoming,56,2002,2002,Female,F,18,247785,7.3,0.00%
,Wyoming,56,2002,2002,Male,M,87,252232,34.5,0.00%
,Wyoming,56,2003,2003,Female,F,16,249128,6.4,0.00%
,Wyoming,56,2003,2003,Male,M,93,254325,36.6,0.00%
,Wyoming,56,2004,2004,Female,F,21,251506,8.3,0.00%
,Wyoming,56,2004,2004,Male,M,67,257600,26,0.00%
,Wyoming,56,2005,2005,Female,F,23,253726,9.1,0.00%
,Wyoming,56,2005,2005,Male,M,67,260431,25.7,0.00%
,Wyoming,56,2006,2006,Female,F,23,257361,8.9,0.00%
,Wyoming,56,2006,2006,Male,M,93,265306,35.1,0.00%
,Wyoming,56,2007,2007,Female,F,18,262776,6.8,0.00%
,Wyoming,56,2007,2007,Male,M,83,272100,30.5,0.00%
,Wyoming,56,2008,2008,Female,F,21,267982,7.8,0.00%
,Wyoming,56,2008,2008,Male,M,103,278061,37,0.00%
,Wyoming,56,2009,2009,Female,F,20,274046,7.3,0.00%
,Wyoming,56,2009,2009,Male,M,91,285805,31.8,0.00%
,Wyoming,56,2010,2010,Female,F,25,276189,9.1,0.00%
,Wyoming,56,2010,2010,Male,M,106,287437,36.9,0.00%
,Wyoming,56,2011,2011,Female,F,27,278236,9.7,0.00%
,Wyoming,56,2011,2011,Male,M,105,289489,36.3,0.00%
,Wyoming,56,2012,2012,Female,F,32,282336,11.3,0.00%
,Wyoming,56,2012,2012,Male,M,139,294429,47.2,0.00%
,Wyoming,56,2013,2013,Female,F,17,285466,6,0.00%
,Wyoming,56,2013,2013,Male,M,112,297218,37.7,0.00%
,Wyoming,56,2014,2014,Female,F,24,285686,8.4,0.00%
,Wyoming,56,2014,2014,Male,M,96,297956,32.2,0.00%
,Wyoming,56,2015,2015,Female,F,33,286855,11.5,0.00%
,Wyoming,56,2015,2015,Male,M,124,299700,41.4,0.00%
,Wyoming,56,2016,2016,Female,F,32,286559,11.2,0.00%
---,Wyoming,56,2016,2016,Male,M,112,298942,37.5,0.00%
